date,01,02,04,05,06,08,09,10,11,12,13,15,16,17,18,19,20,21,22,23,24,25,26,27,28,29,30,31,32,33,34,35,36,37,38,39,40,41,42,44,45,46,47,48,49,50,51,53,54,55,56,60,66,69,72,78,US
2020-02-29,0,0,0,0,6,0,0,0,0,0,0,0,0,0,0,0,0,0,0,0,0,0,0,0,0,0,0,0,0,0,0,0,0,0,0,0,0,2,0,0,0,0,0,0,0,0,0,12,0,0,0,0,0,0,0,0,10
2020-03-07,0,0,6,0,162,16,0,0,0,14,10,2,0,8,2,0,0,2,0,0,6,140,0,2,0,2,0,2,4,4,8,0,152,4,0,0,2,10,4,6,4,0,2,16,2,0,0,190,0,0,0,0,0,0,0,0,391
2020-03-14,30,2,16,15,481,190,46,12,0,126,136,6,4,116,30,34,16,30,150,4,41,446,71,40,12,12,9,34,36,10,130,26,937,60,2,52,6,60,90,34,34,16,62,104,15,10,74,1041,0,54,4,0,0,0,0,0,2535
2020-03-21,268,30,184,111,2123,743,342,78,98,1385,927,64,80,1375,224,104,98,119,1367,133,339,3421,1179,226,226,210,44,40,272,108,2376,84,19731,510,54,442,98,202,704,80,310,12,544,1001,218,88,240,2195,24,510,42,0,15,0,21,6,23104
2020-03-28,1304,152,1338,660,12236,3011,2660,338,206,6001,3429,222,384,5471,2210,458,418,459,5104,282,1604,9775,8468,614,1088,1636,205,116,847,252,17256,306,83980,1636,132,2318,648,684,4892,251,972,108,2105,3789,922,317,1166,4620,168,1546,118,0,40,0,79,16,101361
2020-04-04,1852,160,2492,647,10640,13512,7263,758,598,15547,7573,398,1576,13682,5440,978,864,1195,18340,481,4260,16572,19417,846,1584,3223,272,449,2291,706,44543,594,138610,3060,226,4666,1566,840,14694,1000,2514,288,3901,5309,1626,496,3334,5951,372,1950,210,0,38,8,352,18,196548
2020-04-11,3238,178,2748,1004,17250,5470,12253,1759,876,13913,10846,232,748,17619,6964,1446,1154,1196,15013,329,9138,24259,19639,1122,2374,3529,224,757,1858,690,51065,1172,141114,3800,202,5022,1416,944,23692,2678,2588,828,3607,8918,1526,500,5340,6009,590,2366,148,0,40,3,336,11,221348
2020-04-18,2884,116,2662,1009,18366,5808,12011,2101,888,13995,11382,218,518,19961,6412,2005,1092,2340,7129,464,9264,30526,14571,1568,2664,2544,98,1040,1910,914,46714,1414,104214,3978,552,7944,1086,946,19266,3787,2074,1832,3327,7824,1361,185,5952,3088,416,1972,96,0,3,3,330,2,198151
2020-04-25,2972,50,3124,2174,23580,6656,14069,2103,1033,10696,10542,61,464,25044,7516,5154,2628,2431,5858,237,10880,29678,13105,2469,3488,2728,38,3000,1844,901,48372,1724,87058,4809,568,10730,1566,818,19578,5224,2010,1210,5051,9766,1901,85,8626,3393,450,2976,364,0,5,0,-245,2,206176
2020-05-02,2852,52,4156,946,22902,5596,9618,2905,1098,9240,10103,28,348,33452,9792,7012,3500,1930,5256,376,13414,24840,12448,5577,3446,2758,20,5196,1716,1239,36330,2144,58552,6001,648,7496,1314,764,19070,4376,2472,882,6860,14038,2018,88,10744,3405,350,3946,176,0,4,0,94,11,192979
2020-05-09,4040,30,5192,774,26756,5368,7460,2473,1305,9036,8370,20,288,35288,8874,6148,3888,3144,4553,509,14122,19753,8175,9099,3874,2636,6,5552,1442,1166,28134,2073,39256,6146,594,8724,1278,1050,14934,2072,2084,1610,3900,16063,2147,69,10916,3386,276,4558,148,0,6,1,60,2,175739
2020-05-16,4216,36,5412,1685,24416,4684,7427,2521,940,9590,7762,17,428,32762,7096,5302,2220,2499,5392,479,12868,15062,9016,8347,3490,2036,20,4089,1406,1112,15383,2077,28354,7504,814,7554,1494,904,13164,3715,2260,1132,5038,13536,1821,26,12974,3172,294,4496,176,0,3,4,79,1,155448
2020-05-23,5000,40,4774,2377,28154,4017,6680,1957,924,10627,8888,8,352,30585,7242,5153,2014,1768,5585,732,15054,12040,8417,9764,3764,2038,22,3482,1426,1061,16455,1487,23820,9138,892,7868,1446,552,11030,3177,2468,1010,5159,12698,2240,39,12132,2007,433,5380,144,0,11,3,115,0,153586
2020-05-30,6722,64,6410,2428,35972,2697,3986,1787,751,10594,9497,16,416,22269,6620,4688,1488,2289,5323,534,13040,7090,5720,8620,4448,2294,52,3836,1982,815,12684,1924,19168,10826,476,7250,916,594,9112,1490,2998,992,5532,13095,2281,46,15724,4166,605,6706,170,0,7,0,69,0,145391
2020-06-06,5332,262,12386,4108,36756,2328,3566,886,552,14655,9710,42,672,15952,5572,4465,1342,3165,5782,488,10934,4920,5298,6612,3620,2925,70,3334,1948,1050,8788,1967,15186,13970,566,6156,1282,770,7540,622,4288,814,6794,32951,3760,138,11572,4885,294,4682,82,0,7,4,60,2,149650
2020-06-13,10018,290,18418,5931,41530,2479,2308,765,440,21583,10513,100,428,9990,5092,4482,1318,2312,7421,464,7646,3427,1803,5381,4618,2164,96,2173,3012,565,5846,1590,10076,17148,438,5480,2028,1614,6674,1512,8834,932,7210,28479,3790,158,8944,4115,276,3894,222,0,4,4,110,1,148785
2020-06-20,8638,250,30934,5855,53538,3184,1465,900,275,40475,12940,132,1302,8575,5036,3558,2154,2360,6489,362,5302,2593,3458,4579,2586,3572,220,2127,3958,442,4811,1456,8996,17428,414,6820,3930,2746,5596,837,11602,784,9079,48230,5422,44,7148,5697,452,4042,258,0,39,0,71,1,182855
2020-06-27,10800,366,39992,8163,79864,4491,1006,813,232,77474,21830,162,2635,9972,5028,5155,3040,3093,10765,431,4988,2524,4198,5118,9780,5245,308,2149,6726,397,3890,2307,9318,19454,410,10388,5216,2688,7604,745,16366,802,10661,73867,6331,106,7608,6176,564,5494,426,0,25,0,71,8,260232
2020-07-04,16266,622,48888,7644,98988,5703,1061,1763,231,114952,35132,252,4096,11052,5714,5964,4588,2416,17044,486,5782,2230,5799,5188,10286,5996,630,2112,10472,311,4800,2856,9586,22086,644,13456,6004,3672,9086,888,22894,804,20246,88433,6969,76,7724,8265,846,7538,428,0,33,1,215,30,336588
2020-07-11,19172,665,50726,9149,122500,7603,1123,1461,354,128840,39900,401,6272,13831,7294,7175,5552,5491,27031,243,6252,2874,7552,7882,9490,8069,1020,2394,10526,303,4432,3410,9646,25426,1038,16062,8262,3842,10538,321,22626,852,21701,123061,7731,90,9346,9521,1882,9248,466,0,32,0,618,56,404295
2020-07-18,26758,991,42670,9263,125114,7558,1214,1336,393,165994,47111,302,7595,15353,9150,7316,6012,6123,23574,252,9478,3051,9943,7797,12854,9922,1588,2965,15278,330,4363,3906,11006,28004,1362,19214,10556,4596,11246,1180,25826,816,30374,120619,7853,109,13182,12557,1496,11612,538,0,3,6,1026,116,453422
2020-07-25,24014,1459,37552,10638,133760,7002,1772,1452,523,153823,47792,534,7046,18590,11732,7167,6630,9163,30282,293,11696,3270,8537,9565,18270,15480,1576,3813,14678,454,4702,4078,9874,27266,1708,18726,10048,4686,13028,842,24792,886,30345,115374,7651,115,14472,11385,1762,12770,675,0,22,1,1581,69,462065
2020-08-01,24222,1905,33922,10210,115970,5504,2047,1365,488,130895,48076,1154,6568,21217,11204,6817,5164,7921,25092,293,12622,3996,11422,9832,17800,19822,1644,3982,14516,397,6978,3732,9164,25906,1556,17806,15275,4650,12548,1429,21182,1124,30373,107898,5483,49,14384,11073,1926,12264,647,0,22,4,1501,69,435246
2020-08-08,19110,1094,18210,11059,92826,4770,1026,1228,448,93021,45707,2298,6769,24475,12330,6482,5710,7710,24729,182,10432,3979,9480,9817,13530,12015,1616,3709,12690,403,5364,2601,8556,22294,1876,15764,10713,4386,10386,1332,17722,1220,24888,137979,5444,66,16776,9909,1650,11862,492,0,53,5,2030,107,388787
2020-08-15,14144,1167,13094,7392,131004,4040,1175,1772,506,86040,42578,2958,5956,23691,12778,7066,6880,8704,15957,232,10224,3884,10804,8615,10218,16997,1540,3976,10378,330,6467,2371,8250,19586,1976,15410,9442,4016,11648,1273,12844,1282,22406,154231,4709,110,13122,8768,1798,10246,424,0,104,3,2496,206,391741
2020-08-22,15766,1094,10482,8343,83744,4261,1246,851,375,55843,34566,3062,4370,27604,11282,7859,6972,8272,9963,349,7660,4041,8368,8934,11026,15283,1434,3063,8922,226,4702,1789,8482,21738,2554,12982,9595,3384,9402,1284,10826,2034,21239,83587,4567,88,12644,7751,1446,9906,632,0,251,4,2213,226,301770
2020-08-29,18692,1064,6784,8270,72560,4004,2062,1036,391,42663,31578,3565,4018,26415,14234,15225,8398,9022,9801,346,7542,4398,9894,10755,9522,15914,1750,3994,6784,303,4634,1948,8426,22976,3644,14310,9416,3166,8896,1337,11908,3614,18719,72294,4748,104,13474,6800,1570,9582,431,0,580,0,1704,158,290576
2020-09-05,13518,992,8459,8311,64898,4476,1744,1061,313,49617,27397,3106,3065,33860,13054,12151,8108,9774,10641,284,8626,3405,11837,11224,8898,19644,1826,4085,5282,350,5528,1739,10512,20636,3838,16930,11726,3126,11826,1101,14080,3894,21584,50470,5187,83,13836,6166,2646,11000,463,0,324,3,1257,49,286889
2020-09-12,12504,1092,5223,9710,46050,5834,1915,1507,255,35470,22462,2058,3935,23642,11200,9012,5994,7902,9452,398,7852,4522,11554,7424,6284,18267,1522,4614,4236,464,5867,1222,10032,16500,3900,13566,10944,2600,10636,1136,11378,3096,15599,51678,5484,61,14282,5509,2470,14606,614,0,220,2,1355,44,244796
2020-09-19,12824,1106,10843,10795,48022,8213,2388,1434,409,38765,23924,1524,4158,25984,12396,11209,7614,9382,8322,405,8422,5108,10035,10238,6934,21268,2476,5317,4398,534,6658,1666,11254,18642,4734,13958,14265,2886,11736,1265,14524,4014,22464,71457,10455,66,13574,5755,2722,23918,967,0,226,3,2209,46,290320
2020-09-26,14774,1409,6551,10982,49308,8648,2109,1401,313,34821,18510,1438,6101,27166,11580,12214,11274,9860,7469,448,6456,5604,12547,13893,7180,21355,3488,5523,5872,402,8092,2344,11836,19016,5498,12924,15432,3964,11514,1216,16066,5378,17949,65627,12605,58,11506,7781,2556,28166,1369,0,237,7,2357,60,293916
2020-10-03,14432,1762,7148,11424,47262,10039,3420,2337,258,31721,16671,1428,6812,27778,15020,12791,9008,11930,7144,452,7694,8206,13752,14261,6980,17570,4898,7548,6706,950,10752,3203,17468,18224,5610,15914,14496,3860,14510,1559,11236,5706,16477,55479,12385,78,10790,7524,2628,34306,1800,0,345,4,2640,10,300773
2020-10-10,13034,2353,9158,11435,46878,14096,3491,1745,445,28582,17024,1285,7998,33048,18704,13480,9460,14888,8011,422,7952,7816,16306,16064,8942,25923,7522,8897,7382,986,12062,4820,20180,25732,7380,18984,15737,4826,17128,2109,11460,7922,25900,45335,15399,158,14204,8480,2892,33524,2180,0,357,2,1754,-2,334603
2020-10-17,14878,2745,10962,12347,43752,17874,5582,1888,416,47003,19346,1151,9760,47316,25132,15301,10426,14704,8083,434,8664,8886,23092,20512,10736,23098,8216,10891,8506,1063,14202,7124,19620,27946,9356,25534,15712,4782,19984,2559,13186,9328,27149,55326,15613,138,14666,9122,3756,37252,2722,0,561,5,1735,10,388624
2020-10-24,23388,3450,12625,13706,63466,23756,6432,1810,372,47646,20636,1220,12226,61860,28954,16287,11564,17366,9102,448,8720,12632,28283,22058,10164,25603,9834,11732,10320,1222,20758,9298,23050,29134,11950,31162,18447,4848,23940,3875,12254,11060,35129,76084,17519,234,14268,9912,3822,77906,3978,0,558,8,2779,11,485474
2020-10-31,19564,5618,18349,13704,59668,36366,10306,2208,560,52507,21848,1027,11828,81771,37808,27328,17102,23478,7374,1052,11588,17542,43022,32614,10144,32523,11318,14945,11898,1682,26471,10810,28058,32684,14892,39782,14157,6364,31206,5019,14542,15702,28720,94783,20573,272,17636,11471,5488,65460,4986,0,506,4,3066,30,572162
2020-11-07,19810,5886,22876,17632,83746,61542,13770,2613,625,69211,88353,1499,15404,129050,52728,43252,25548,24884,9504,1871,15268,21310,62651,53004,11450,46384,12294,23171,15970,2251,37295,14070,36914,33222,18952,60060,17953,9332,40542,6162,16260,15968,37647,85954,27717,335,19366,18806,6298,79268,6598,0,432,6,3352,14,777428
2020-11-14,24650,7675,31338,22325,114236,73620,20868,4271,923,75751,33860,1388,18013,169901,78330,66358,35154,32952,18248,2386,22350,31912,91694,82072,14910,69203,13876,28777,20520,3874,52896,18772,63406,35744,19500,89032,36899,12862,65318,8572,18544,20412,52858,121651,36881,992,19852,26323,10366,92202,10568,0,852,2,4282,44,1028914
2020-11-21,29730,8135,44562,22813,178194,75243,25561,5848,1147,113306,47074,1165,19034,166541,88592,51252,39036,39542,36711,2664,31762,34716,103635,93808,18122,58646,17312,32244,25454,5606,63470,32338,71518,45900,18182,106086,41388,15300,87102,11581,22008,16064,56763,159881,39644,1407,29760,29040,13612,97230,11058,0,511,3,4662,57,1205674
2020-11-28,28570,8417,54880,22214,203280,59510,22059,6688,1347,106450,40474,1410,17649,133182,79650,35848,36896,36548,27761,2328,28954,35485,97223,82138,15078,52403,12606,24511,34992,5921,62571,28923,90966,51778,12282,126834,45817,17676,98432,12152,19786,13770,53026,191242,31743,974,35876,38589,12494,65560,9036,0,306,1,5147,47,1181342
2020-12-05,45192,9634,72252,28913,311382,68874,30089,8865,1564,128473,61948,1269,20080,134263,92022,32338,31440,47764,33128,3676,35872,57476,93653,82409,27036,54888,12448,26413,32798,9291,76402,25597,123040,60771,9110,121458,38848,21474,121026,14044,28648,12410,65636,196028,35681,1721,35112,31580,15454,65838,8026,0,177,2,3951,95,1368531
2020-12-12,50504,8424,87377,29414,450242,46255,37847,11562,1771,134480,76088,1711,21863,123375,89034,23379,34226,45190,34022,4989,39250,65508,75227,60292,28978,53337,11150,18170,36642,11715,78356,22801,139090,82848,6208,172058,40148,19192,140380,16907,39126,10206,95209,195668,32562,1465,54884,50612,17158,56146,5932,0,120,7,6191,158,1513041
2020-12-19,54126,6363,91285,31823,621096,35171,32435,10494,1699,152556,87359,1721,16879,105335,76670,24054,30344,39808,36498,6229,33490,65342,59964,38479,28328,47391,7950,15423,35818,10513,70537,20848,147100,85004,4190,121936,45170,17950,134818,14864,43478,7858,128232,247724,29229,1434,48714,27649,18128,49376,5162,0,114,2,5488,130,1553006
2020-12-26,47108,3584,89620,27815,555144,26960,19940,8670,1368,142728,90604,1748,13436,79525,68300,15499,18500,29998,28118,5619,33372,58933,38943,23788,25824,37620,5628,11819,27590,9019,71188,16523,152472,83322,2720,100478,41309,13024,111182,10151,36710,5254,91742,258174,25782,1246,53210,28186,17924,30686,3316,0,75,7,5232,58,1365256
2021-01-02,52000,4633,92216,35033,564744,32086,34714,8788,1799,180512,110761,1941,12824,82621,62138,18068,35132,36816,37563,7403,35462,66563,40967,22588,30508,44329,5022,13799,26436,10341,68932,16252,175267,88983,3104,100010,39051,16044,104230,10512,47652,5732,87194,325583,30342,1445,58356,19971,18300,35260,2854,0,58,0,5489,62,1500477
2021-01-09,59384,4293,136392,40476,591356,33565,31662,11189,1948,219607,125136,2676,14072,97378,70940,24465,28728,52854,52290,7538,40386,82598,48224,33159,33182,49891,8316,14683,34876,11596,75882,19112,215242,111351,3150,112608,57949,16256,113708,15864,74732,6144,85710,322498,38148,2202,69920,49710,20902,48964,4292,0,73,3,4698,102,1733230
2021-01-16,43062,3424,119112,36805,557824,24467,34807,9785,2080,190857,120969,2138,12082,81241,56978,17076,27522,47854,46848,8403,41334,74445,38474,21266,28002,37794,5908,10568,27562,10306,85699,15752,219158,107312,2662,101060,53616,15872,97054,13981,64676,4754,66223,317986,31827,2251,71352,28776,16692,36282,4698,0,75,3,3893,109,1561782
2021-01-23,37522,2984,96912,25511,344680,20529,28818,9073,1540,159450,104896,1551,8098,67701,42940,15658,21100,40486,30809,6765,30552,58293,29984,17511,24308,27767,4708,11830,19246,9943,70961,11318,188858,89905,1898,76668,37110,10376,76234,10816,62734,3370,46742,262848,21857,1986,78528,28453,13256,27456,3030,0,73,1,3550,89,1222853
2021-01-30,32280,2085,76044,22846,278366,18336,24381,7263,1585,147312,87040,1545,6716,50746,32880,12923,16128,33096,34039,5134,26838,48557,26551,14069,22334,25201,4704,7410,15272,7457,70107,9859,170750,72787,1612,65880,32987,9632,78426,9547,51992,2214,36333,240260,18218,1846,67132,22798,11176,21988,2242,0,32,3,3333,80,1056650
2021-02-06,31458,2079,51424,23301,197880,16833,18662,4563,1215,115507,63296,1264,5052,40828,26056,10368,13678,30276,25173,3800,18716,37346,20927,12792,13176,19576,3910,5678,12084,5313,50702,7313,123183,84765,1362,50596,30574,8650,53536,7549,46392,2124,33779,255188,14409,1870,47910,17092,7700,18038,1828,0,57,1,1949,45,851488
2021-02-13,17090,2285,32464,13138,141678,15210,15884,5674,919,101139,50212,796,4548,32486,19340,9416,9126,21666,17444,2715,16104,28894,16412,11134,11130,12945,3160,6892,8890,4965,52044,6114,122296,54454,1322,38924,21129,6586,51440,5908,40318,2146,26322,152670,12062,1590,42496,15802,6184,13270,936,0,53,1,1958,58,659843
2021-02-20,12260,1992,21677,5313,93594,14692,11495,3716,757,83506,41361,584,3334,24606,14006,6097,9428,17856,7408,1888,11202,22717,14351,10716,7798,9646,2688,3443,5670,5009,41239,4328,107872,42735,1356,29530,12138,5354,38398,4839,36274,1920,15762,61062,9479,1595,28776,11480,4164,10276,1194,0,26,1,1522,55,473841
2021-02-27,13394,1772,19089,7988,77480,14101,13654,3967,925,79901,41365,891,3980,25253,12564,8563,5586,15858,12595,2253,11070,22437,18350,11253,7698,9581,2392,3947,5634,4023,44929,4599,101206,36946,1058,27696,11038,5208,36896,4536,27590,2256,19417,113064,8224,1479,25004,11932,4432,10194,1334,0,20,8,1209,67,482933
2021-03-06,13456,2080,18826,10392,62698,13582,10759,3243,795,74400,34610,713,3582,23639,11148,6480,4378,12474,8911,2289,10676,19178,20875,10650,6460,6999,1638,3852,4944,3050,46133,3654,101966,27257,1168,23164,9520,3528,35084,4750,18770,2170,16198,87156,6304,1732,20446,9545,3420,8778,828,0,14,1,1283,89,423909
2021-03-13,7788,1863,13950,4402,48784,14032,10470,4030,1159,64410,22529,897,4610,21153,10686,6333,3588,11172,6875,2445,11942,20029,27677,14523,6512,71257,2140,3590,6210,3277,49076,2814,95368,21077,1192,21124,6989,4646,35082,4533,16184,2230,17075,63684,6068,1468,18050,9746,3718,7540,798,0,19,3,1475,32,380130
2021-03-20,15564,1794,7342,3473,41174,14009,12191,3570,743,62500,22193,1130,4368,25151,10552,5867,3060,9472,6508,2866,12870,23129,41658,15754,4200,8363,2480,3535,3772,3946,56006,2772,88724,25096,1336,21042,3376,3836,41328,5024,15682,2460,17045,54814,5648,1714,20366,10723,4658,7848,836,0,12,10,1419,85,386441
2021-03-27,5970,2192,7138,2871,37506,16140,17008,3516,876,69374,21540,1275,4016,30309,11882,7817,2934,8317,6671,2719,15386,27695,64917,19120,3486,9352,2262,3777,3934,4829,59117,2652,125576,20512,1888,23568,5222,4764,50902,5018,15448,2716,15298,52928,5068,2132,20458,12584,5676,9388,930,0,20,2,1672,55,431725
2021-04-03,5086,2465,9008,2374,37586,20116,17462,4751,881,75903,18987,1684,3506,37207,13778,7296,2866,8882,4794,3634,17902,29653,90156,24873,3142,7805,1876,6861,3996,5376,62560,2527,112531,21281,2112,26816,4650,5556,60830,4543,14320,2560,16243,44206,4794,2564,19814,14567,5580,9854,802,0,16,0,3514,24,459857
2021-04-10,3946,2545,10366,2151,46033,22918,15238,4251,830,83372,18283,1444,3944,45281,15136,7250,2694,7228,6740,4551,19174,27244,102868,28014,2682,8607,2214,4862,5576,5941,53616,2429,103743,26493,2208,27178,4426,7210,60476,5584,12998,2688,15175,48520,4703,2120,20888,15728,5296,12622,852,0,19,1,4790,40,479845
2021-04-17,7086,2266,8058,2698,36960,22285,14971,5144,817,86784,20977,1322,3232,45496,19156,5884,3268,8634,6235,6385,19224,25718,106407,28508,3394,-8660,1894,4548,5062,5647,51257,2997,86625,28575,2012,28998,5791,8832,70440,5838,12970,2702,21844,47124,4759,1808,21006,18563,5526,12096,788,0,30,2,7504,57,478568
2021-04-24,7534,2272,10052,2464,28568,23540,11362,4294,640,83677,18845,1141,2828,38834,13696,5929,2916,7188,7178,5348,14984,19355,76045,24304,2640,8744,1918,4553,5210,4577,40955,2703,67518,26477,1900,22668,3562,10858,55266,4738,11936,1860,14587,46786,4566,1220,16996,19398,5102,10224,858,0,50,2,6758,52,413947
2021-05-01,4822,2200,10990,2655,28067,22173,8919,3387,478,70100,17014,1458,2946,37742,15236,5001,3414,8280,6082,4008,11978,16321,56542,21679,3102,8621,1874,2910,5196,3282,5235,3022,49996,25640,2004,21172,3405,11334,46820,3942,10660,1348,13198,47540,4580,1106,14454,18948,4860,10296,892,0,60,4,4119,58,349163
2021-05-08,4870,1464,9622,2876,26255,17638,6963,2650,467,55436,15653,1355,2264,30725,14468,4695,2922,7972,6385,4271,8702,11783,43390,18873,2532,7754,1808,2628,5084,2781,17500,3200,36075,21465,1542,17592,2936,10414,36810,3073,8880,1146,11005,33944,4156,820,11116,18585,5006,9266,962,0,59,1,2693,72,293591
2021-05-15,18170,1160,8228,2538,22530,13698,4510,1849,366,45990,11389,1092,2240,23587,11850,3341,2272,6986,6113,3546,5888,8741,28657,13319,3088,5898,1510,1935,5118,2449,5835,2631,27140,17708,1238,14922,2642,8750,26254,2028,8228,822,9174,31072,3736,800,7586,17294,4458,7170,912,0,56,3,1384,57,236722
2021-05-22,4198,875,7828,2711,17808,10036,2696,2812,197,37577,8963,1130,2320,19109,9780,2584,2582,6650,5971,2678,4826,6163,20086,9399,3124,5790,1048,1113,3626,1449,6593,2417,21265,12832,980,12682,1948,6354,19962,873,5070,534,6860,24140,3261,474,5778,9758,3010,5678,1164,0,41,9,1108,41,180812
2021-05-29,2954,614,8104,2440,25162,7532,2029,977,171,25179,7366,584,1888,12995,7424,1622,1672,5400,5736,1584,2960,3694,11171,5567,2270,6156,1234,661,2792,1000,4247,1784,13621,10788,666,9880,1953,5298,13762,1998,4534,502,4951,23986,2643,232,4744,16588,3104,3474,966,0,25,2,816,134,145539
2021-06-05,4360,525,5704,2102,12637,5886,1102,600,170,24116,5055,803,1566,7686,6432,1254,1424,4274,4610,1000,1886,2220,5975,2646,1564,5637,950,254,3288,445,3601,1299,8643,7042,528,5646,1675,3980,8704,657,2072,198,3795,18560,2638,104,2842,8503,1890,2294,968,0,48,0,425,149,101879
2021-06-12,3476,366,6180,3039,14185,4555,918,503,111,22905,5445,852,1440,4786,5086,1140,1658,3616,4750,772,1424,1661,4083,2383,1852,6983,1002,234,3496,444,2841,1122,7157,6058,462,4832,1544,3742,6350,451,1714,164,2984,28836,3256,137,2170,8207,1414,1850,972,0,32,0,360,99,98924
2021-06-19,2668,450,5876,3207,13506,4008,634,412,64,20191,4752,583,982,2777,4290,1045,1470,2580,4201,506,1028,987,2330,1582,1666,8691,812,194,3470,380,3865,1267,5204,4830,270,3880,2137,3430,4052,356,1286,100,2660,16280,3377,81,1848,6092,886,1196,752,0,31,0,349,78,80728
2021-06-26,2554,318,6738,3547,20721,4456,909,258,62,22097,4460,596,1368,3526,2914,966,1490,2074,4135,340,762,783,2203,1269,1778,10693,724,240,5478,311,3277,1162,4381,4460,206,3620,2477,2836,2808,279,1392,206,2497,17630,3934,64,2930,6397,844,1158,922,0,61,0,243,76,86666
2021-07-03,2728,689,7614,6624,6849,4918,712,378,73,31368,4867,638,964,4230,4050,1181,2384,2258,6080,268,914,796,2546,1244,2698,11759,688,456,6298,314,2863,847,4849,4032,148,3486,3077,2076,2454,277,2234,192,3553,20044,4086,54,1688,4165,690,1214,988,0,45,0,275,72,91045
2021-07-10,6614,691,8236,9694,26668,5901,984,346,77,47548,7688,828,1318,5900,4676,1963,3744,3140,9997,244,1144,1289,2726,1276,3742,19655,734,489,6618,310,3346,1070,7059,6150,248,3494,3914,2386,2720,236,3314,120,5544,24768,4821,78,3058,5236,632,1490,1042,0,58,2,477,117,134043
2021-07-17,9746,1407,10960,14180,54625,7071,1418,640,197,90898,12948,1354,2050,8896,6202,1301,5862,5948,16767,511,1848,2675,3357,2448,5494,26018,846,690,10048,414,5436,1819,11684,10884,308,5544,6605,3536,4658,405,5770,224,8857,41470,6344,184,4132,9903,936,2444,1114,0,46,2,960,153,223088
2021-07-24,19306,2743,19088,23353,88790,9460,2718,779,321,146332,23078,2457,2809,15961,8570,2788,7596,10308,33796,859,3224,5497,5813,3727,12752,32399,1184,978,11894,496,9230,2511,19249,18106,458,9602,11411,5742,7334,784,10060,392,16687,71242,6415,253,7602,12342,1538,4502,1456,0,24,1,2238,189,363978
2021-07-31,32952,3330,23150,24108,118962,12153,4586,1355,425,221449,42684,3929,4447,23371,13702,4317,11450,17572,57665,1115,5810,8637,9473,6619,20650,34096,2222,1611,14716,1003,12474,3823,30457,32293,878,15336,17521,9772,12490,1474,20630,530,29980,126052,10286,426,12168,13689,2628,10242,1752,0,40,2,2895,254,554161
2021-08-07,43204,4179,32360,32563,192581,15415,7467,2302,705,269502,62790,6784,7214,33477,20054,7140,13252,26728,64427,1686,9136,12585,14932,10180,29288,38248,3032,2619,14346,1959,17398,6629,45373,46120,1326,23280,24688,14288,20396,2462,34324,748,43890,187436,10308,862,20560,31000,4292,16094,2652,0,132,16,4703,331,778862
2021-08-14,41392,4464,37989,30571,176926,17504,7511,3255,1098,303529,81217,8894,7925,42656,30814,11687,16750,34194,81739,2433,11934,15451,20003,14114,45996,36907,3964,1330,15104,2391,23210,9534,56772,72449,1962,33730,28906,23128,26178,3201,44006,2300,59565,198990,10130,1440,26324,37346,5670,19224,3638,0,238,8,6093,335,911736
2021-08-21,63690,6653,40730,30949,216197,22516,8026,4547,1141,301476,107316,9628,9770,49345,40832,11648,16442,46392,70247,2276,13790,17648,24004,17416,50204,32096,4908,5093,15148,3278,26381,10426,63225,75068,2928,42020,31039,29028,34982,3798,50692,3096,80923,243984,12393,1767,32506,42338,11072,19486,4798,0,387,10,6198,310,1047679
2021-08-28,56536,7170,45978,28870,191082,24577,9680,4927,1214,303520,123811,10628,9896,51261,53102,14671,19374,57700,59752,3442,15874,19310,28034,21267,42782,31159,6596,5006,15718,3901,27283,11382,59618,88712,4062,58280,32766,30848,43662,3901,65212,4958,81587,214140,14099,1821,41146,45018,17520,25506,5592,0,857,10,5600,169,1088182
2021-09-04,62524,7808,43191,28117,193778,26819,8849,5631,1362,258408,125283,12388,15305,60637,67550,17159,22706,61088,34183,5372,16628,22449,32421,22452,38446,31121,7742,4822,16072,4423,28559,11724,69487,96254,5438,79410,38007,30944,50146,3790,76226,6158,96026,262116,15998,2099,47030,49006,20382,27764,7478,0,951,9,4422,252,1153281
2021-09-11,53064,9048,36952,22089,136232,26381,7566,5661,1048,200497,99798,8697,16076,52111,53370,18338,19912,55132,31326,4890,14328,22073,34380,22147,26898,28452,8456,5760,14612,4701,29859,8968,67940,83485,5974,93050,35026,25904,55726,4178,63348,5834,127858,243240,17597,2100,47320,44483,23122,25474,6874,0,1188,7,2876,224,1041459
2021-09-18,44978,10356,37022,20750,136583,26592,10799,6440,1885,151995,80487,7621,16888,51868,53402,24440,19630,57430,26113,6769,17336,26828,42781,30223,26202,29456,11994,4707,16406,6245,31316,9657,69646,102492,6476,97230,30611,26032,65872,4679,70304,6368,74341,233320,18139,2853,50740,46034,26936,35800,6630,0,1144,8,2187,208,1021720
2021-09-25,38240,14587,34888,15407,83172,25219,6777,6449,1354,108217,64003,5475,17069,43551,42654,23584,15032,47364,17756,6589,17258,22999,45976,31125,18978,24502,12646,43844,12784,6215,29560,8121,71606,76700,7354,85944,25757,22298,65190,6110,44792,5688,51396,159018,15915,2858,45336,39464,23826,43876,7816,1,810,8,1644,173,834482
2021-10-02,24758,16016,36754,11192,104085,28685,6650,6303,1126,74601,47986,4095,18912,37413,35846,20737,13686,41592,14751,8552,16934,20695,53418,35215,12628,21319,11940,9157,11666,6497,24241,10014,67601,62325,8600,81102,22484,21438,63888,3961,37538,5348,42075,137700,15650,2580,38926,40884,20490,40754,6606,0,1004,4,1074,180,759423
2021-10-09,15358,11271,32504,9660,84877,30562,5873,6112,1371,50368,40462,2806,16884,38459,33960,15634,12466,29574,10841,6961,15458,18929,59041,41706,10110,17860,13350,8896,8156,6902,23959,10226,68991,50351,8314,71264,16861,18808,73388,3722,27288,4692,31529,106696,16712,2742,37662,34187,16792,41740,6268,2,806,7,1233,139,667154
2021-10-16,12004,12832,31114,8337,74671,29877,6223,5158,274,37614,25900,1878,16816,31447,27720,16331,11374,25746,9081,5548,13586,18827,61216,39517,7038,15004,11978,8257,8516,7687,20512,9597,64734,43652,7064,64456,17744,15306,63856,3590,19938,4352,24413,85920,14987,3222,29558,34116,15036,40300,5668,0,737,5,978,124,589508
2021-10-23,12232,11004,32728,6811,80486,34946,6210,4341,612,29128,19366,1810,16280,30286,22484,13791,11194,19544,7513,6490,11374,17981,54477,29680,6614,13071,11796,6552,8466,7658,16627,10249,55885,33002,6646,50288,14890,17520,57692,3411,14180,4624,18541,60978,16310,3012,23634,31031,12588,24610,6074,1,713,8,732,60,512244
2021-10-30,24112,9225,35440,6006,86966,41268,4701,3766,652,24301,17356,1847,12499,29279,22756,16655,11674,17384,5678,6564,10536,17487,55917,34618,6442,12750,10560,9099,6636,1366,18022,12614,51687,28267,7206,47214,10653,15054,54620,3077,12160,4348,13992,58052,18417,2671,20032,29838,11984,29890,5504,0,679,17,668,70,506191
2021-11-06,8174,8461,40834,5948,88055,46472,4767,3302,559,20997,14772,1466,10094,34918,24976,15894,11244,16094,6754,7046,9442,18336,68893,54876,4476,14511,9210,9541,10850,13615,17706,15041,57353,24278,6852,49846,8618,14168,57300,3057,10354,5026,13428,43160,18261,3985,17542,24524,10524,34380,4784,0,437,43,795,86,516294
2021-11-13,7392,6089,49712,6927,88809,49427,5549,3805,572,20604,13271,1553,7100,45211,32456,17444,15048,18692,5008,6714,10902,22648,74206,53257,3826,18378,7884,14673,8210,10504,20281,18632,73526,24296,6640,66052,9866,12074,68082,3874,9232,4696,16128,46170,18942,5134,18590,25544,10544,43148,4330,1,267,34,880,54,569440
2021-11-20,6400,5828,53832,8651,64431,44206,10319,5097,657,19782,15221,2013,6894,56566,34326,19298,16040,20570,5952,9464,12414,32937,122829,59155,4558,37128,7238,12613,8854,12220,27376,19693,87245,26156,6792,76420,11743,11776,80316,6180,9358,6064,18673,46542,20010,4806,21246,23271,12194,48988,3670,0,178,73,871,95,647456
2021-11-27,4630,4007,48650,6558,49376,32806,11090,4709,482,0,9514,1175,4932,42072,30076,15565,10756,19322,3440,5239,12572,36365,77475,48026,3768,13502,4116,6689,5614,9637,29952,12325,89492,18312,5538,68852,8344,6846,81982,5231,8120,3834,14315,33904,16209,2466,20558,12061,4814,45152,1892,0,94,235,576,51,505936
2021-12-04,6372,3792,51320,11333,91583,35953,13560,7030,920,39110,19122,1539,6214,100343,67694,25124,26316,31448,7472,9276,18760,49637,139877,63413,5744,42211,4330,17106,9954,19336,47758,24661,118228,41018,6832,104346,12965,14168,102634,9391,12076,7958,25352,62733,17420,8105,25720,25366,17836,58794,3096,5,84,490,776,40,848601
2021-12-11,7626,2883,49448,10261,94578,24612,28194,8324,1272,25968,20079,1680,5646,99331,65128,29261,23408,32114,6293,13729,17754,64378,100322,59704,7222,38526,2964,14875,8856,17350,60750,18460,137407,43441,4878,101540,18341,11238,112582,11884,14710,5954,24675,63448,15413,6293,34940,19152,13450,52812,2100,0,60,592,711,68,832420
2021-12-18,10684,2427,42206,9874,96616,27374,32230,9526,2517,57682,25479,5461,4551,118559,61310,17835,23396,30092,9464,12832,33494,68194,92843,44994,6680,38248,2092,10880,9136,16773,77440,13979,192222,45579,4522,126124,12785,10208,107354,13447,14260,4814,27272,72306,12298,5698,38642,19840,14676,60194,1444,0,65,547,3736,42,911996
2021-12-25,21586,1310,41294,13210,179306,70832,37878,13209,8346,249729,82469,16715,3519,154518,38744,16488,15576,16362,19408,10743,85580,96024,62604,33892,6094,29729,1810,8213,10140,13445,182198,11700,335138,36627,4048,142980,15277,10546,129242,16792,16734,4044,53835,159370,10559,4052,71892,26799,10290,58502,1316,1,60,498,32162,367,1373182
2022-01-01,57058,3747,69999,40391,466317,164157,71099,24565,14721,604355,205650,30719,7312,256457,91856,22108,28086,39408,76618,9917,149260,164501,128531,51911,36470,62386,4110,14381,21236,16452,332012,14764,831271,138784,6656,210208,22810,21396,223928,21335,61492,7054,127423,282037,23753,7856,138364,70656,18254,74442,2792,0,186,468,47008,2099,2875290
2022-01-08,139132,16350,143849,82564,1082332,254167,126781,36667,15754,819715,173201,45474,16138,465743,165138,51494,91802,119473,159392,13290,185866,264551,288941,83763,85620,161464,10278,39486,49662,30472,434044,38058,1078822,275458,15550,308088,48790,76874,361872,53349,145864,20414,181813,733758,81990,19389,205036,163672,55420,130803,8438,7,1070,311,74434,2435,4975881
2022-01-15,76884,26495,203120,122058,1700572,216735,127437,45642,11831,838153,356157,54375,26812,414397,192908,71705,108990,118930,176282,14958,164194,278090,255089,145440,96162,164132,18430,51280,79452,41319,328126,59600,807382,381261,26344,375702,121926,107382,369814,67488,209746,27452,221010,836123,123755,19101,260762,220664,54172,223095,13222,0,2427,307,60383,980,5648749
2022-01-22,265530,33382,332874,111040,1540355,154712,68057,26777,5329,571158,225986,65783,34400,367440,197300,75512,120402,161877,126728,12087,84198,208295,277856,154392,93508,154086,20030,58064,130614,42727,161141,77793,428960,405466,32088,276506,154248,115002,269422,55912,225170,27038,230228,798323,133884,16672,200592,220162,61346,297190,17802,0,3736,303,31259,877,5035632
2022-01-29,137842,34024,230566,64503,1189006,90732,48696,16902,2617,395536,226735,31562,39328,247632,159090,64829,83980,169206,200139,14658,42776,117725,219678,179019,72568,118243,33416,44337,67166,28560,98083,65025,231051,331229,24036,149556,147012,99520,178160,31785,178812,17454,188663,582166,84239,11304,147780,284561,57150,114426,18314,0,4953,564,16642,404,3747636
2022-02-05,72224,24979,133485,48362,634786,44853,20109,7578,1726,263397,109547,20691,26692,120768,85730,40132,43706,103492,64480,13569,23484,60640,118247,103184,68392,61955,22456,20649,34246,17960,43233,38001,108753,192115,14016,74068,94741,67382,95990,17149,103634,9714,140725,390053,38800,4975,92838,145653,39280,63968,10632,17,3965,1119,8280,222,2106640
2022-02-12,39196,14359,68863,24444,404807,24276,13453,5065,1277,244856,61597,10691,24140,59944,34832,22759,8896,68089,36037,13352,13056,34604,58971,57996,49710,38238,13202,9771,16222,13660,29874,21525,73053,111225,8082,45582,32166,40314,50306,9595,48268,4970,68016,217101,21637,3668,61310,86690,25732,36294,5478,22,3871,1462,4883,158,1259905
2022-02-19,21180,7701,33668,15260,198610,14083,12858,3304,877,84746,35062,5939,22752,52436,19832,13822,26788,60984,18131,51960,9074,23866,36152,35109,17622,27310,10184,3933,8046,10879,22764,13465,48734,68617,4088,26166,17786,22906,40714,5869,37140,4472,42576,129602,12546,2878,40016,-2451,14212,21660,3002,0,2763,958,3061,101,727898
2022-02-26,12796,5436,27940,9538,132447,8333,6074,2995,629,51046,21496,3437,18250,26013,12124,7762,6648,32468,12343,24733,8924,16391,29496,16026,7056,14056,8150,1959,8084,7932,20141,6828,31466,47868,2240,17410,12604,12616,25956,3417,18866,1652,22562,72725,6375,2514,27650,16190,13082,12158,1654,27,1941,1223,1892,112,464427
2022-03-05,7878,4163,7741,7723,85324,6693,4897,1469,352,27646,15234,2685,17690,20937,6816,13504,4118,24032,4814,9350,5562,11934,15536,10874,4304,8911,10466,44269,7918,3233,16664,4994,25606,29270,1432,13008,11046,8912,14606,2799,7552,978,13142,52599,4004,16595,18562,25494,7834,8242,1034,112,1145,540,1449,31,337025
2022-03-12,12108,5215,13115,6437,61754,5449,9705,1686,545,20422,12362,954,10896,17086,5864,2990,2352,4020,3216,3163,4284,9513,11764,12938,2110,5950,1222,1526,5416,1739,14226,3639,22842,21158,956,8760,7215,5290,12606,2675,4562,652,6371,62586,2258,1657,14842,15357,5198,6156,636,247,842,305,1195,130,237276
2022-03-19,4374,2969,10306,7328,58173,4672,4329,1142,529,0,11801,2093,8014,14884,4198,1779,1042,19064,2686,2806,4208,9723,13260,5833,1814,3589,928,967,39206,1874,13563,2053,29889,16542,566,5024,5929,3672,10234,2774,1224,486,4067,36825,1676,1818,12996,14588,3068,5308,326,623,392,310,1566,22,215103
2022-03-26,2644,1896,9132,4909,47308,4273,4636,1179,570,33482,6350,1551,3222,16116,2748,1465,932,17277,1693,2291,3922,11989,11334,5386,1388,7668,584,350,2263,2091,13303,2050,32269,14879,442,7336,3629,3104,8386,2549,2752,220,3298,73345,1402,1943,10744,12024,1642,5004,298,1196,355,333,1879,33,210000
2022-04-02,5920,3807,20286,1140,36672,4803,6152,1326,564,0,28856,2277,1322,16794,2652,1240,1082,14326,1334,2832,3720,15683,10796,5639,1218,4979,448,1427,2324,1894,16858,1470,51172,12405,418,6206,3620,3530,8362,2867,2050,308,3273,39230,1135,1877,9336,10072,1268,5906,222,1555,259,131,2396,45,198718
2022-04-09,2524,1868,13680,1114,48563,5450,7511,-1391,717,42695,5607,2332,854,21646,2460,1612,1364,7227,1931,2923,6002,18229,7473,6268,2042,9021,456,636,2378,2971,22121,1973,60755,7002,526,7656,4932,4344,11834,3302,3132,274,3771,70121,1275,2369,12190,21599,1100,8874,228,1201,228,5,4236,108,243938
2022-04-16,2278,2592,5554,1058,48234,7599,9903,1838,2169,0,6947,2627,806,28116,1730,1980,2604,6291,2342,4727,8258,27608,15393,8821,1383,4669,530,435,2339,4040,28900,1771,81758,10467,502,9616,2793,5798,16262,4588,1782,248,4211,27568,1356,3193,14844,14974,952,9470,-46,518,160,45,5106,118,234352
2022-04-23,2536,3066,4754,1473,67564,9834,12280,2717,1583,72742,4859,3402,1010,39107,6388,2313,3148,6226,2921,3904,10866,27056,20908,12439,965,6222,750,1487,2463,4251,29828,2361,88967,16818,758,13780,3432,9520,20218,4806,2992,330,5466,46311,2185,3772,16002,17576,1812,13008,268,172,219,18,21622,209,343510
2022-04-30,3192,2988,4700,1803,89036,11762,12911,2115,588,0,11573,6562,990,49280,11066,3461,4032,6065,3797,6072,13226,36016,28908,17363,1400,8414,986,3653,3881,5664,36973,2610,99051,23211,878,17462,3296,13930,26470,5890,4362,554,6991,34916,3088,4526,20380,29545,2816,18314,316,114,198,42,24707,258,379813
2022-05-07,3328,2931,7822,2318,110651,15718,15739,3820,0,118860,12906,8404,1632,61268,9586,4932,4458,7448,5054,11199,16486,42853,37761,22808,1907,9457,1232,1030,4853,6733,47938,3211,121851,28142,1302,22026,3096,16202,17616,7584,6142,746,9418,41790,5999,4384,28040,19918,3452,24972,390,101,181,18,30742,818,519567
2022-05-14,4626,3202,10980,2860,123601,21142,26499,5756,3244,0,17796,11417,2114,80063,13498,6705,5698,9366,7769,8351,24324,55146,55239,30157,4492,11592,1030,-3418,6447,7440,65236,4380,102176,36958,1562,31940,4375,18836,42632,9665,9260,900,12725,47977,6299,4630,35420,44707,5196,32556,572,76,173,24,29813,870,578420
2022-05-21,6346,3873,14408,3853,197184,23270,36207,8042,2023,199260,21193,14171,2702,80370,16286,5921,3818,14969,12005,8401,32166,57955,58364,27636,5470,17142,2158,4225,8764,7608,68894,6392,165322,47984,1766,39072,4388,21782,54634,10988,11506,950,17595,53273,8278,2689,44204,44458,7446,30886,756,73,192,10,34450,817,811701
2022-05-28,9108,4042,22996,4677,223959,28136,17666,7193,2061,23332,27736,17745,3386,73703,17568,7916,6214,14143,13434,7034,30806,42706,51788,24236,5273,17317,2610,3806,12444,8219,66670,9051,103147,58276,2024,39092,4215,22164,59328,9113,16068,1188,20412,58899,10128,3117,45046,41998,9404,29568,904,58,280,18,30467,678,714611
2022-06-04,9184,4025,26084,5572,207658,31095,10915,5523,1734,253950,29362,16153,3922,65176,16164,7718,6404,16772,16144,3589,24958,30667,38911,21498,3646,18544,0,4978,14421,4820,52116,8440,104850,55585,2356,35060,7624,18780,49724,7103,18410,1306,21964,93077,10334,2350,39774,35999,8216,27344,1222,62,356,33,25173,551,772981
2022-06-11,16664,4817,29354,8071,258409,31059,8825,5159,1794,41574,35063,15976,5018,67972,17286,8567,9372,23437,19137,3478,22976,27538,36757,22824,11288,21046,6936,5653,13587,3819,46583,13531,79204,53575,2282,36494,8632,21868,45128,5882,18912,1938,25243,94531,13575,1920,40228,38283,8000,25226,2670,0,611,37,24593,328,734930
2022-06-18,19240,4442,32668,9757,208149,27352,9006,3457,1104,255973,37672,14277,4960,54273,16946,7974,7910,22416,16336,3207,20012,21656,31096,20359,10419,21093,4178,3874,18405,3085,37373,13463,76141,48928,2504,32338,8421,20306,40562,4782,20696,1944,25977,95328,11734,1442,35554,35178,6050,21532,4706,150,673,79,21282,214,731142
2022-06-25,22574,5094,30746,11398,254893,27486,9704,3280,1914,41384,36075,10837,5668,54175,17834,7838,8276,23105,27773,2276,17382,19131,21245,18708,15279,22371,3926,7353,14297,2517,39932,13266,71950,38196,2424,32318,14812,21752,24652,3845,21242,1942,30327,130816,11973,1174,34758,36544,8352,22436,2360,72,626,87,25134,164,707767
2022-07-02,25566,6200,33028,15158,262671,29258,13641,3537,1224,255244,40681,10601,6706,56421,22020,8385,10034,18287,27925,2978,20458,20643,28582,12257,15313,25883,4256,5207,16363,3077,43887,12802,83273,48282,2960,34450,13100,21788,37800,3673,22028,2508,32518,132996,13044,1231,39308,39270,7902,20966,2232,91,833,260,21445,171,815271
2022-07-09,29266,5794,40396,16520,234905,26078,9384,3343,1240,24321,39291,8483,7352,55099,22346,8020,10816,19914,31057,2534,18254,18561,26017,17296,17379,24887,4400,3535,16342,2696,43853,12375,86349,50924,3178,37676,17766,20394,23744,3387,27466,2364,33150,167242,11947,900,36698,36723,8460,19750,2326,0,756,0,18177,143,733002
2022-07-16,33298,5955,30560,18343,326068,24604,10577,4371,1448,267816,52104,8677,7706,66100,22742,10376,14672,22901,37880,3054,22634,14946,33080,19150,19745,28981,5362,4030,15478,3179,49980,13424,105515,52775,3614,48930,22306,20186,39894,3782,26892,3138,38565,178790,13658,1057,42488,22478,10888,24212,3534,639,778,364,15752,223,946237
2022-07-23,34732,5710,36270,17674,284475,22080,11035,4697,1440,32531,53233,8573,7442,64552,29456,10689,15302,30523,36447,2762,22322,21702,32635,18938,20445,27634,4628,3599,14359,2094,52730,13635,104505,60261,3688,53220,23055,18022,40480,3678,27836,3028,39278,166542,12023,1076,42298,47727,11780,26614,2584,327,562,205,19067,243,862035
2022-07-30,33424,4854,34498,16710,257517,19687,12012,4833,1350,266377,57736,8055,6635,70733,31152,11858,15014,39877,28235,2995,22966,21011,39013,20202,19206,27477,4518,4120,58819,4104,51936,13260,88760,67864,3802,59752,24708,16002,44554,3655,35324,2996,36439,144550,10236,750,42700,20304,12660,28150,2706,0,1045,175,17218,206,938056
2022-08-06,24094,6287,30068,13267,223827,16025,10872,4269,910,22201,54029,7282,5801,61545,29776,11404,13502,37514,23591,2924,22010,20174,40134,20883,16651,23192,4294,23198,9026,2820,44508,11103,99075,66530,3898,55570,23632,16878,49496,3933,31912,3148,34438,155001,8927,939,40582,37325,12336,26342,2582,481,717,159,19487,182,782940
2022-08-13,26708,4417,27002,12342,180137,13843,9912,4136,944,271634,48939,6330,4892,52919,31148,11309,13222,36051,21591,2924,21860,18792,32116,20481,17104,22985,3722,6229,6984,2781,39880,9633,80260,62460,3502,52032,23725,12284,41252,2869,31974,2744,35328,150762,8260,1219,37734,23952,12302,24518,2302,90,700,134,18985,178,807619
2022-08-20,28242,3578,24488,11869,154805,10113,8510,3961,682,-52117,50596,5352,4183,50151,28400,9663,10780,32181,21090,2963,17954,17275,46085,19895,17307,20126,3696,3202,5168,2669,33788,8111,68838,54678,2986,48134,18937,11512,48562,3310,27280,2876,54740,116905,6051,861,34366,20175,10856,22566,2028,0,581,82,13863,191,599047
2022-08-27,31344,4275,17010,12674,151963,9183,8692,3100,719,176047,45970,4395,3935,48617,27924,9741,10146,29376,23259,3406,15996,16694,38601,19244,14150,16492,3428,2818,5093,2209,31300,7402,64579,47918,2740,46872,19166,9439,34780,3340,20544,3170,43765,107112,5430,1047,34844,15552,11362,23324,1452,126,470,102,14679,221,662430
2022-09-03,29390,2734,17322,13453,123150,15370,8773,2795,607,360,35224,3521,3872,52255,24390,9819,11494,28945,22141,3009,14442,16501,37584,16757,16288,18774,2784,8781,3990,2802,27428,5883,58887,43797,2406,50560,21360,8462,36528,3900,26522,2584,31394,115804,5042,1043,33816,17567,12472,18668,1230,0,359,70,12820,224,550931
2022-09-10,19760,2159,7332,10716,88482,9455,7422,2387,512,131928,24829,2398,3122,39851,17544,8373,9124,23156,18716,2546,12574,13949,31396,12893,11650,17823,2296,4418,3342,2330,26455,3499,48198,40961,2210,43462,17802,7456,33818,3027,26718,1926,21515,83708,4088,827,26390,12717,11340,15670,924,49,186,27,7793,155,495717
2022-09-17,15908,2350,12238,9166,66458,12065,13773,2755,527,3418,19003,2612,3014,35165,12052,8110,8338,18324,11234,3371,13824,16952,36494,12713,7238,18209,2628,3900,0,2426,28231,3403,65555,42378,2054,41104,13955,5190,36366,3067,18212,2346,16685,73556,4253,1051,23200,14461,9206,17270,912,0,149,8,9140,123,409754
2022-09-24,11540,1493,7998,6799,67136,8812,9528,2952,612,80838,14367,2205,3044,34747,9954,5727,5560,17109,7984,3351,12024,19334,33540,13354,6206,14336,2858,1424,6730,3367,35082,3155,69573,40568,2032,29072,10533,9088,36608,3592,13386,1912,14012,49954,3341,1075,20160,15002,6386,16184,1020,27,119,11,2711,71,402918
2022-10-01,8462,1231,6804,4532,65333,9869,9507,2855,482,0,9883,25468,2560,21900,5330,4133,5256,19219,5588,3620,10570,19415,29058,12241,3738,10930,2558,1224,961,2979,30464,3004,63857,32182,1910,24202,7801,8538,30410,3745,9270,1464,11713,41065,3265,1146,14196,15755,4642,13312,944,3,88,5,7583,46,326034
2022-10-08,7178,1366,7350,4106,59319,8254,8118,2158,164,44888,8464,2510,2268,22898,7304,3704,3380,18308,4117,3857,9266,18430,25595,11908,3228,10020,2198,1028,2233,3139,28016,3242,58888,23942,1942,19994,6050,8473,24862,3524,8414,1684,10730,28221,3027,1159,17044,12738,3806,14228,874,3,54,0,4679,41,301241
2022-10-15,6030,1128,4800,3591,47563,8625,7312,2352,438,0,7098,2075,2150,20825,8754,3406,5756,18080,3917,3703,8296,16800,24913,10732,2718,8459,0,895,1903,2957,24300,3727,55084,20042,1572,17070,5528,6613,26512,3245,6306,1248,9889,26904,2621,1216,14094,10176,3294,14166,940,1,64,0,4164,33,251028
2022-10-22,5132,711,10876,3972,44185,9471,7010,2161,33,40109,7876,4381,1452,23924,6160,2886,3810,9201,1115,3864,8932,15783,24749,9587,2538,8900,3958,956,3080,4068,24591,4498,62975,0,1544,22194,5163,7126,22798,3466,6332,1262,10638,22991,2944,1276,14284,9652,3444,14362,794,0,37,0,3507,43,259172
2022-10-29,5964,774,9626,3475,49310,8664,7539,1937,560,0,6587,2640,2082,27298,8926,3828,4198,12161,3134,2964,8922,15731,24231,10257,2716,2874,1504,1790,3129,2881,27426,5555,58431,33164,1692,23326,5602,4612,26454,2755,6186,1438,13861,23211,3644,1053,15074,5234,3072,14926,824,6,75,0,10238,28,262269
2022-11-05,0,733,10258,3354,49059,13688,5283,1843,332,46314,7938,2013,2070,28451,10286,3657,4784,13508,3889,2650,9670,11763,23221,10049,2672,12813,1720,1758,2816,2298,21154,6988,61394,17470,2026,24524,5788,5010,26076,2586,6934,1664,14074,22877,4140,1000,14648,8486,3980,14262,844,0,100,41,6824,91,286259
2022-11-12,12084,-1970,14720,4623,53030,14933,6354,1540,441,0,9057,2504,2442,22044,10622,3725,5414,10735,4638,1858,7966,11903,19788,10442,2738,9350,0,1735,5076,2006,23507,7610,57905,18730,1622,21730,6738,6232,24416,2581,8346,1742,12763,17806,5799,826,13924,9186,2638,13378,1000,3,83,7,6497,43,262378
2022-11-19,3796,780,21550,3397,82703,16741,5666,1738,268,46972,7435,2068,2482,31164,10956,3960,5180,8839,3746,1706,9600,9705,25556,10020,2088,9019,3428,6879,4062,1788,21668,10398,63125,13590,1650,20340,6492,6710,19906,2187,5908,1906,11355,36157,4780,589,11730,9645,3174,11994,944,2,158,0,7398,24,312386
2022-11-26,5744,864,26820,3434,87562,16192,7088,977,567,0,7991,2326,2848,20718,11848,4604,6098,12591,5734,982,5636,9691,17800,13281,0,9150,1908,2036,4208,1136,14350,5814,43555,12332,1736,18848,4890,7108,20104,2207,6128,1692,10090,19573,8316,578,12090,10919,1806,12258,1176,0,41,3,4673,26,260166
2022-12-03,8372,796,25974,7288,111491,15897,8610,2715,291,61864,12117,2001,2924,49050,12672,5399,7208,8005,5302,2437,13364,10879,17453,10470,6418,12500,1868,6006,5288,2835,37002,10697,92418,13684,2098,32182,11454,7827,21460,2091,6056,2216,19430,41965,7540,635,18838,11322,4334,15808,998,1,235,5,10885,50,410890
2022-12-10,11614,992,31966,6849,165984,14060,8751,2317,436,0,19583,2722,3276,42810,23070,6939,8546,11229,8895,2411,12468,16146,23677,12754,6758,15036,0,3618,8056,2322,33641,8460,85208,23210,2240,32122,12410,8989,27872,3546,13578,2178,18324,59508,5431,861,20294,12960,3524,16548,1540,2,36,0,9744,88,447001
2022-12-17,12930,708,23100,7276,142746,12111,9926,1814,582,85103,19715,2351,2658,46665,19450,7407,8336,11020,9443,2446,13474,18205,25991,11480,6510,15936,4442,2737,5879,2908,35994,5548,90525,26380,1636,33438,11159,7961,27676,3790,12956,1846,20430,59120,5552,843,24758,13010,4458,17572,1006,0,217,18,9762,46,483342
2022-12-24,14754,760,16562,6782,129497,12628,11050,2207,760,0,22694,2337,2672,47600,18472,6987,8414,16066,50871,2208,15138,20021,28582,10519,8826,15777,2052,3888,4849,3176,39734,4251,93062,33352,1418,35782,12680,7226,29212,3795,17116,1248,19125,59778,4957,721,29900,12608,4582,16180,766,1,150,29,10036,55,472985
2022-12-31,0,666,9946,7664,107443,8656,9541,2619,0,25540,21086,2166,2132,31795,13014,4294,5442,16554,12805,2100,13672,18201,21679,11496,8150,13748,1570,1736,3959,2792,36215,3825,76938,0,1264,26094,11764,5164,25930,0,19710,846,21463,66726,3930,688,17206,9080,6214,12806,532,0,193,45,7744,47,386332
2023-01-07,36580,742,12374,6720,104402,7743,11512,2518,1173,135952,27198,2606,2250,22197,18302,4515,5676,7064,14176,2584,14930,21972,19452,9502,11556,13848,1792,1414,6126,3606,44199,3336,79325,85964,1056,27790,11297,5636,31438,8874,21180,1022,22235,77032,3843,828,25292,11053,6108,12706,608,36,226,55,5575,50,501905
2023-01-14,17850,938,14748,5365,94824,6617,9174,1973,455,0,25387,2664,1882,0,12134,4404,4692,15458,13693,2587,14792,20526,19627,7309,0,9663,1550,18317,1542,3108,37142,3150,69500,45248,1168,20376,11273,5002,30460,4602,22568,1046,16849,70868,3355,882,35858,11178,4296,10940,468,7,196,56,8844,201,375187
2023-01-21,13484,1298,5502,4688,51868,4088,7268,1892,555,100482,16426,2111,1318,55849,5920,3377,3888,13518,10400,2349,9760,15185,19187,5759,19324,9594,1002,920,2495,2372,28748,1992,51173,31482,1036,15922,8952,4210,22090,3905,16066,928,16269,52858,1870,735,21108,9199,3776,8740,402,8,143,55,7182,237,354526
2023-01-28,15288,1308,7108,4052,50749,7215,6111,1592,443,0,15445,2085,1352,21849,8062,3135,4292,10156,10032,2170,11862,12926,13056,10864,7804,7299,1050,794,2841,1616,28121,2099,54503,28762,1482,16310,9382,4348,21880,3240,14106,1150,17243,47324,2136,961,21222,9618,3650,8466,376,3,149,18,6368,206,278003
2023-02-04,14630,1586,6174,3218,53284,4723,5828,1953,413,79803,15784,1522,1408,20277,8980,3007,4328,14598,20457,2276,8842,12328,11976,8654,6606,7343,1204,904,2541,1900,25035,2131,50738,26494,1712,16520,8869,5128,20538,3213,11878,1494,19988,77894,2160,912,19508,11139,3602,8558,-1202,0,97,28,4838,109,329249
2023-02-11,19640,1384,6198,3087,46852,3790,3608,2053,420,0,13612,1474,1744,20467,8840,3015,3920,10336,13938,2503,9068,10149,11315,8966,6460,7404,1642,1091,2429,2233,25629,2047,36590,24940,1638,17666,6767,5224,22308,2679,11176,1992,17016,45710,2367,604,16420,11020,3326,8788,2156,0,72,51,4269,88,255241
2023-02-18,12146,1572,6758,5234,51406,9264,4866,2077,370,66082,12637,1235,1924,21626,9692,3251,4108,13134,10291,472,8020,9941,13567,9949,7188,8553,1404,1316,2541,1799,20012,2113,27270,23428,1370,17998,6513,5386,22426,2151,9734,1966,14959,36526,2764,923,14700,9824,4292,8850,508,0,40,23,3408,33,273951
2023-02-25,9210,1554,53732,4488,45439,6896,3114,2839,289,0,23978,0,1781,22495,8688,3162,3974,7458,10949,1898,6498,8922,13060,6504,4982,8186,1582,7679,2207,1873,14910,2332,35627,19254,1720,18272,5797,5246,20850,1951,8414,1992,12503,33646,2883,0,11700,8438,0,8508,622,0,26,26,2876,52,246276
2023-03-04,7428,900,11326,2917,52288,6103,2551,925,210,115350,7703,1961,2839,21544,9106,3465,3854,10020,9131,3380,5882,7448,14939,10280,4354,7100,1436,3138,2366,1643,12496,2418,22969,15252,1124,18650,5703,4260,17352,1537,12222,1676,0,38850,2943,0,10468,9004,6124,9004,686,0,33,35,2361,23,266336
