date,01,02,04,05,06,08,09,10,11,12,13,15,16,17,18,19,20,21,22,23,24,25,26,27,28,29,30,31,32,33,34,35,36,37,38,39,40,41,42,44,45,46,47,48,49,50,51,53,54,55,56,60,72,78,US
2020-08-01,871.0,19.0,1142.0,433.0,5528.0,342.0,59.0,7.0,152.0,5202.0,1699.0,76.0,146.0,687.0,316.0,226.0,218.0,1345.0,1645.0,35.0,495.0,172.0,2107.0,144.0,753.0,525.0,120.0,13.0,348.0,27.0,275.0,105.0,524.0,1020.0,34.0,659.0,358.0,96.0,762.0,54.0,1227.0,31.0,995.0,6218.0,109.0,4.0,368.0,189.0,93.0,415.0,96.0,0.0,76.0,1.0,33570.0
2020-08-08,696.0,29.0,767.0,498.0,4990.0,360.0,121.0,8.0,106.0,4558.0,1383.0,119.0,137.0,681.0,461.0,280.0,181.0,1257.0,1182.0,27.0,407.0,160.0,273.0,149.0,797.0,419.0,116.0,32.0,488.0,12.0,75.0,112.0,526.0,994.0,85.0,473.0,391.0,89.0,724.0,57.0,872.0,59.0,998.0,5220.0,156.0,2.0,397.0,203.0,101.0,590.0,66.0,0.0,129.0,1.0,33014.0
2020-08-15,726.0,23.0,777.0,470.0,4327.0,253.0,60.0,34.0,105.0,4054.0,1846.0,140.0,127.0,720.0,598.0,317.0,213.0,1642.0,1008.0,9.0,396.0,141.0,440.0,248.0,834.0,552.0,124.0,95.0,430.0,18.0,122.0,81.0,520.0,598.0,54.0,625.0,490.0,104.0,456.0,44.0,674.0,93.0,907.0,4452.0,130.0,10.0,530.0,235.0,72.0,543.0,43.0,0.0,168.0,3.0,31681.0
2020-08-22,776.0,37.0,690.0,464.0,3487.0,172.0,85.0,47.0,85.0,3530.0,2457.0,251.0,148.0,771.0,455.0,328.0,221.0,1308.0,884.0,13.0,390.0,110.0,389.0,230.0,601.0,651.0,114.0,72.0,418.0,207.0,177.0,203.0,887.0,779.0,59.0,661.0,644.0,136.0,498.0,43.0,632.0,102.0,769.0,3928.0,103.0,7.0,421.0,153.0,96.0,511.0,45.0,0.0,152.0,16.0,30413.0
2020-08-29,879.0,28.0,583.0,376.0,3078.0,147.0,68.0,67.0,80.0,3009.0,1642.0,420.0,104.0,860.0,618.0,314.0,252.0,1828.0,721.0,13.0,347.0,128.0,387.0,268.0,626.0,694.0,139.0,94.0,367.0,264.0,258.0,165.0,507.0,2062.0,66.0,649.0,672.0,76.0,541.0,23.0,615.0,141.0,796.0,3449.0,152.0,9.0,415.0,153.0,116.0,448.0,33.0,0.0,172.0,7.0,29926.0
2020-09-05,851.0,36.0,482.0,351.0,2884.0,160.0,71.0,59.0,79.0,2582.0,1681.0,285.0,113.0,833.0,446.0,347.0,286.0,1696.0,590.0,10.0,305.0,147.0,334.0,273.0,573.0,636.0,134.0,95.0,333.0,128.0,218.0,50.0,509.0,1334.0,74.0,692.0,566.0,55.0,466.0,22.0,480.0,119.0,732.0,3328.0,151.0,3.0,511.0,236.0,92.0,445.0,50.0,0.0,153.0,4.0,27090.0
2020-09-12,766.0,32.0,472.0,362.0,2633.0,123.0,61.0,48.0,90.0,2175.0,4014.0,345.0,100.0,766.0,951.0,301.0,290.0,2224.0,671.0,5.0,316.0,145.0,346.0,237.0,517.0,669.0,109.0,106.0,282.0,8.0,187.0,56.0,604.0,678.0,69.0,579.0,608.0,58.0,408.0,26.0,500.0,154.0,740.0,2938.0,142.0,2.0,448.0,184.0,93.0,548.0,48.0,0.0,169.0,1.0,28404.0
2020-09-19,750.0,39.0,333.0,396.0,2278.0,157.0,94.0,39.0,66.0,2109.0,1309.0,229.0,84.0,803.0,514.0,317.0,270.0,1216.0,580.0,10.0,306.0,199.0,313.0,270.0,459.0,746.0,142.0,141.0,259.0,9.0,180.0,117.0,607.0,647.0,120.0,600.0,719.0,88.0,385.0,23.0,440.0,226.0,676.0,2996.0,176.0,6.0,445.0,205.0,132.0,587.0,39.0,0.0,169.0,0.0,24020.0
2020-09-26,800.0,35.0,377.0,453.0,2244.0,205.0,71.0,49.0,80.0,1916.0,1117.0,197.0,149.0,827.0,558.0,404.0,312.0,1157.0,528.0,4.0,323.0,220.0,324.0,379.0,449.0,849.0,271.0,163.0,282.0,23.0,198.0,79.0,708.0,683.0,125.0,605.0,802.0,109.0,405.0,40.0,468.0,283.0,725.0,3007.0,216.0,1.0,343.0,178.0,105.0,784.0,63.0,0.0,184.0,0.0,24877.0
2020-10-03,748.0,31.0,366.0,484.0,2293.0,220.0,126.0,72.0,71.0,1840.0,2025.0,201.0,150.0,891.0,651.0,435.0,320.0,988.0,470.0,7.0,344.0,258.0,517.0,377.0,432.0,945.0,306.0,184.0,234.0,19.0,273.0,127.0,867.0,719.0,188.0,798.0,925.0,98.0,514.0,34.0,398.0,299.0,802.0,3255.0,222.0,1.0,433.0,144.0,119.0,1110.0,86.0,0.0,187.0,0.0,27604.0
2020-10-10,793.0,39.0,480.0,592.0,2342.0,335.0,125.0,89.0,85.0,2065.0,1925.0,121.0,156.0,1151.0,851.0,489.0,507.0,1995.0,636.0,7.0,404.0,289.0,595.0,474.0,619.0,1152.0,364.0,214.0,274.0,16.0,426.0,149.0,955.0,1018.0,218.0,1151.0,1193.0,130.0,650.0,56.0,514.0,350.0,946.0,3917.0,278.0,3.0,499.0,189.0,113.0,1394.0,95.0,0.0,240.0,0.0,33668.0
2020-10-17,874.0,59.0,546.0,694.0,2316.0,458.0,168.0,99.0,56.0,2032.0,1817.0,81.0,193.0,2070.0,1035.0,507.0,528.0,1119.0,761.0,7.0,387.0,285.0,750.0,500.0,602.0,1312.0,438.0,314.0,353.0,21.0,501.0,177.0,1026.0,1028.0,171.0,1405.0,1266.0,132.0,715.0,48.0,545.0,318.0,1090.0,4850.0,321.0,0.0,493.0,203.0,163.0,1902.0,144.0,0.0,121.0,0.0,37001.0
2020-10-24,1045.0,55.0,668.0,626.0,2389.0,629.0,215.0,84.0,90.0,2292.0,1857.0,49.0,253.0,1960.0,1273.0,605.0,573.0,1422.0,736.0,10.0,426.0,406.0,976.0,641.0,613.0,1195.0,420.0,377.0,350.0,20.0,650.0,364.0,1036.0,1013.0,246.0,1552.0,1420.0,165.0,1066.0,72.0,481.0,386.0,1203.0,5208.0,338.0,3.0,511.0,213.0,203.0,2279.0,142.0,0.0,599.0,0.0,41405.0
2020-10-31,1103.0,74.0,692.0,604.0,2570.0,764.0,298.0,75.0,85.0,3058.0,2052.0,53.0,296.0,2418.0,1369.0,749.0,643.0,1720.0,552.0,38.0,482.0,399.0,1779.0,802.0,497.0,1360.0,446.0,516.0,401.0,33.0,769.0,401.0,1018.0,991.0,316.0,1741.0,1406.0,143.0,1233.0,74.0,495.0,483.0,1298.0,5657.0,377.0,8.0,570.0,296.0,214.0,2464.0,130.0,0.0,1028.0,1.0,47041.0
2020-11-07,1131.0,96.0,951.0,704.0,2936.0,1198.0,411.0,99.0,88.0,2924.0,2262.0,47.0,328.0,3335.0,1708.0,1114.0,954.0,2053.0,669.0,43.0,650.0,526.0,2080.0,1142.0,540.0,1891.0,557.0,745.0,564.0,34.0,1092.0,556.0,1799.0,1109.0,402.0,2588.0,1549.0,214.0,1806.0,118.0,498.0,537.0,1340.0,6068.0,480.0,4.0,668.0,328.0,255.0,2942.0,191.0,0.0,1092.0,0.0,57416.0
2020-11-14,1314.0,123.0,1252.0,850.0,3638.0,1550.0,679.0,145.0,125.0,3434.0,2542.0,63.0,366.0,4332.0,2305.0,1556.0,1156.0,2348.0,784.0,60.0,1007.0,653.0,2677.0,1535.0,614.0,2237.0,590.0,887.0,843.0,75.0,1756.0,761.0,2685.0,1263.0,424.0,3400.0,1878.0,320.0,2487.0,112.0,531.0,508.0,1705.0,7244.0,549.0,24.0,791.0,452.0,312.0,3491.0,203.0,0.0,1019.0,0.0,71655.0
2020-11-21,1387.0,131.0,1699.0,945.0,5147.0,1858.0,695.0,161.0,134.0,3785.0,2627.0,48.0,388.0,4475.0,2479.0,1445.0,1238.0,2516.0,1059.0,100.0,1282.0,911.0,3143.0,1660.0,854.0,2403.0,598.0,944.0,989.0,88.0,2314.0,849.0,3115.0,1497.0,410.0,4427.0,2306.0,356.0,3410.0,179.0,602.0,485.0,1844.0,8401.0,655.0,25.0,954.0,638.0,394.0,3277.0,260.0,0.0,959.0,1.0,82547.0
2020-11-28,1537.0,148.0,2009.0,917.0,7185.0,1934.0,821.0,247.0,138.0,4124.0,2670.0,33.0,445.0,4154.0,2605.0,1158.0,1201.0,2757.0,1204.0,101.0,1473.0,905.0,3871.0,1569.0,880.0,2116.0,510.0,748.0,1042.0,142.0,2497.0,826.0,3935.0,1583.0,315.0,4639.0,2398.0,451.0,4213.0,209.0,654.0,395.0,1938.0,7753.0,644.0,26.0,1139.0,693.0,504.0,2929.0,242.0,0.0,755.0,1.0,87383.0
2020-12-05,1976.0,133.0,2797.0,987.0,9159.0,1826.0,959.0,373.0,204.0,4631.0,3088.0,50.0,437.0,3962.0,2740.0,957.0,1171.0,2943.0,1389.0,121.0,1564.0,1304.0,3313.0,1384.0,977.0,2098.0,404.0,648.0,1132.0,188.0,2885.0,969.0,4717.0,1921.0,286.0,5076.0,2270.0,482.0,5012.0,252.0,886.0,340.0,2236.0,7919.0,679.0,33.0,1351.0,720.0,470.0,2569.0,246.0,0.0,645.0,1.0,94880.0
2020-12-12,2281.0,105.0,3233.0,1037.0,12159.0,1672.0,1036.0,345.0,220.0,5013.0,3385.0,48.0,409.0,3838.0,2740.0,797.0,1152.0,2956.0,1437.0,144.0,1559.0,1811.0,3089.0,1225.0,1042.0,2120.0,425.0,560.0,1272.0,300.0,3069.0,890.0,5702.0,2177.0,222.0,5091.0,2176.0,431.0,5305.0,271.0,1051.0,289.0,2557.0,8521.0,663.0,25.0,1484.0,692.0,594.0,2468.0,221.0,0.0,277.0,2.0,101588.0
2020-12-19,2667.0,89.0,3368.0,1110.0,15169.0,1350.0,937.0,350.0,199.0,5698.0,3660.0,50.0,396.0,3480.0,2625.0,640.0,1125.0,2953.0,1405.0,118.0,1566.0,1878.0,2558.0,924.0,1090.0,2011.0,339.0,425.0,1256.0,259.0,2912.0,841.0,6155.0,2343.0,170.0,4828.0,2424.0,471.0,5057.0,249.0,1233.0,221.0,2637.0,9418.0,638.0,42.0,1641.0,719.0,550.0,2199.0,185.0,0.0,224.0,2.0,104854.0
2020-12-26,2834.0,65.0,3595.0,1095.0,15770.0,1168.0,1020.0,335.0,232.0,6162.0,4714.0,68.0,312.0,3124.0,2499.0,602.0,999.0,2884.0,1429.0,107.0,1592.0,1863.0,2142.0,830.0,1128.0,1943.0,270.0,374.0,1139.0,257.0,2918.0,890.0,6889.0,2600.0,165.0,4158.0,2509.0,408.0,4584.0,223.0,1432.0,163.0,2500.0,10514.0,546.0,32.0,1724.0,766.0,631.0,1672.0,151.0,0.0,190.0,1.0,106218.0
2021-01-02,2936.0,75.0,3919.0,1226.0,16021.0,1023.0,945.0,329.0,238.0,7382.0,5281.0,75.0,335.0,2865.0,3036.0,562.0,943.0,3080.0,1758.0,90.0,1498.0,2010.0,1991.0,812.0,1172.0,1898.0,256.0,355.0,1127.0,303.0,2882.0,835.0,7211.0,2816.0,129.0,4211.0,2723.0,463.0,4399.0,214.0,1704.0,174.0,2741.0,12226.0,569.0,38.0,1903.0,683.0,657.0,1610.0,127.0,0.0,209.0,4.0,112069.0
2021-01-09,3098.0,63.0,4262.0,1285.0,16358.0,967.0,1074.0,379.0,261.0,8070.0,5765.0,77.0,324.0,2855.0,2368.0,602.0,969.0,3028.0,1996.0,125.0,1789.0,1947.0,2063.0,701.0,1133.0,1896.0,275.0,410.0,1170.0,260.0,2980.0,707.0,7810.0,3206.0,111.0,3978.0,2807.0,411.0,4203.0,229.0,1928.0,163.0,2550.0,13394.0,652.0,63.0,2162.0,708.0,630.0,1686.0,118.0,0.0,180.0,0.0,116246.0
2021-01-16,2715.0,52.0,3933.0,1138.0,14890.0,910.0,1089.0,368.0,277.0,7705.0,5668.0,67.0,233.0,2633.0,2100.0,514.0,967.0,3208.0,1682.0,138.0,1590.0,1956.0,1736.0,594.0,906.0,1675.0,308.0,350.0,1104.0,227.0,2982.0,756.0,7698.0,3098.0,105.0,3760.0,2379.0,361.0,3850.0,237.0,1901.0,140.0,2098.0,12811.0,609.0,62.0,2143.0,665.0,539.0,1558.0,113.0,0.0,160.0,1.0,108759.0
2021-01-23,2206.0,34.0,3683.0,1046.0,12757.0,823.0,947.0,350.0,211.0,7193.0,5311.0,69.0,176.0,2249.0,1638.0,434.0,770.0,2734.0,1426.0,96.0,1460.0,1625.0,1415.0,486.0,743.0,1282.0,223.0,304.0,967.0,209.0,2618.0,709.0,6629.0,2677.0,74.0,3060.0,2010.0,259.0,3297.0,213.0,1727.0,92.0,1588.0,11463.0,482.0,61.0,1982.0,621.0,497.0,1262.0,98.0,0.0,159.0,2.0,94447.0
2021-01-30,1829.0,27.0,3027.0,864.0,10265.0,694.0,855.0,263.0,203.0,6479.0,3950.0,50.0,171.0,2003.0,1331.0,375.0,566.0,2517.0,1191.0,97.0,1322.0,1461.0,1117.0,395.0,633.0,1142.0,181.0,211.0,802.0,160.0,2361.0,591.0,5987.0,2320.0,71.0,2588.0,1737.0,303.0,2961.0,182.0,1487.0,80.0,1259.0,9836.0,498.0,72.0,1754.0,578.0,378.0,1107.0,63.0,0.0,126.0,4.0,80524.0
2021-02-06,1556.0,27.0,2300.0,741.0,8324.0,605.0,788.0,232.0,232.0,5768.0,3606.0,30.0,161.0,1629.0,1242.0,356.0,503.0,2215.0,1010.0,83.0,1208.0,1282.0,1014.0,373.0,504.0,920.0,156.0,186.0,688.0,138.0,2311.0,432.0,5623.0,1843.0,60.0,2152.0,1469.0,263.0,2487.0,152.0,1255.0,75.0,1074.0,8269.0,396.0,49.0,1587.0,481.0,376.0,885.0,60.0,0.0,132.0,0.0,69308.0
2021-02-13,1192.0,25.0,1755.0,628.0,6231.0,536.0,622.0,190.0,159.0,4978.0,2905.0,22.0,160.0,1304.0,841.0,280.0,379.0,1818.0,785.0,73.0,867.0,956.0,763.0,335.0,385.0,771.0,128.0,125.0,589.0,98.0,1815.0,259.0,4890.0,1513.0,72.0,1827.0,1188.0,233.0,2084.0,113.0,977.0,55.0,896.0,6788.0,340.0,36.0,1309.0,373.0,233.0,685.0,72.0,0.0,153.0,0.0,55811.0
2021-02-20,955.0,39.0,1219.0,451.0,4710.0,516.0,576.0,137.0,176.0,4696.0,2341.0,24.0,119.0,1189.0,744.0,270.0,346.0,1620.0,590.0,44.0,756.0,752.0,679.0,265.0,286.0,622.0,147.0,133.0,485.0,82.0,1574.0,232.0,4152.0,1182.0,66.0,1426.0,993.0,220.0,1795.0,110.0,836.0,81.0,740.0,5276.0,252.0,31.0,1150.0,377.0,232.0,584.0,38.0,0.0,93.0,0.0,46409.0
2021-02-27,717.0,31.0,975.0,383.0,3732.0,488.0,523.0,134.0,135.0,4216.0,2123.0,23.0,120.0,1036.0,638.0,258.0,299.0,1380.0,569.0,47.0,704.0,754.0,695.0,285.0,316.0,552.0,100.0,144.0,391.0,78.0,1650.0,170.0,4234.0,987.0,50.0,1276.0,856.0,156.0,1702.0,79.0,684.0,80.0,839.0,4727.0,246.0,36.0,1003.0,302.0,184.0,474.0,32.0,0.0,64.0,2.0,41679.0
2021-03-06,558.0,32.0,726.0,259.0,3064.0,407.0,516.0,84.0,115.0,3802.0,1603.0,14.0,102.0,951.0,538.0,219.0,207.0,1231.0,479.0,50.0,682.0,696.0,781.0,233.0,253.0,468.0,111.0,103.0,308.0,80.0,1545.0,254.0,3805.0,826.0,49.0,1127.0,523.0,126.0,1455.0,86.0,509.0,57.0,558.0,3936.0,215.0,33.0,919.0,278.0,135.0,432.0,26.0,0.0,75.0,0.0,35641.0
2021-03-13,457.0,30.0,625.0,197.0,2648.0,363.0,541.0,85.0,131.0,3345.0,1659.0,24.0,124.0,926.0,443.0,221.0,174.0,1020.0,407.0,54.0,719.0,619.0,991.0,299.0,212.0,405.0,108.0,96.0,278.0,80.0,1723.0,139.0,3720.0,814.0,46.0,1072.0,417.0,129.0,1488.0,91.0,481.0,46.0,534.0,3675.0,214.0,32.0,816.0,278.0,138.0,421.0,13.0,0.0,74.0,3.0,33645.0
2021-03-20,552.0,47.0,547.0,203.0,2396.0,429.0,494.0,102.0,115.0,3217.0,1516.0,24.0,130.0,967.0,408.0,227.0,171.0,860.0,330.0,49.0,773.0,619.0,1447.0,373.0,180.0,393.0,76.0,95.0,275.0,79.0,1777.0,129.0,3796.0,734.0,42.0,1040.0,352.0,145.0,1699.0,68.0,447.0,44.0,624.0,3065.0,212.0,31.0,803.0,279.0,143.0,370.0,22.0,0.0,83.0,0.0,32999.0
2021-03-27,452.0,33.0,512.0,133.0,2116.0,452.0,623.0,114.0,133.0,3263.0,1557.0,35.0,146.0,1235.0,553.0,250.0,164.0,736.0,349.0,52.0,936.0,682.0,2201.0,409.0,149.0,411.0,82.0,82.0,248.0,79.0,2170.0,116.0,4024.0,712.0,42.0,1244.0,321.0,146.0,1883.0,64.0,445.0,79.0,722.0,2839.0,179.0,32.0,814.0,261.0,174.0,360.0,27.0,0.0,142.0,0.0,34983.0
2021-04-03,390.0,45.0,451.0,148.0,1966.0,495.0,617.0,132.0,126.0,3290.0,1280.0,44.0,112.0,1414.0,596.0,236.0,154.0,814.0,334.0,60.0,1042.0,715.0,3229.0,515.0,121.0,372.0,62.0,103.0,267.0,94.0,2172.0,102.0,3762.0,774.0,65.0,1251.0,315.0,154.0,2230.0,86.0,487.0,52.0,679.0,2631.0,160.0,31.0,799.0,338.0,218.0,409.0,39.0,0.0,142.0,3.0,36123.0
2021-04-10,379.0,43.0,490.0,179.0,1828.0,626.0,708.0,146.0,141.0,3583.0,1393.0,51.0,128.0,1659.0,687.0,286.0,146.0,853.0,327.0,73.0,1152.0,717.0,4164.0,689.0,129.0,426.0,75.0,137.0,265.0,110.0,2177.0,109.0,3573.0,768.0,102.0,1437.0,300.0,182.0,2443.0,74.0,487.0,70.0,720.0,2714.0,160.0,47.0,815.0,373.0,254.0,533.0,37.0,0.0,229.0,5.0,39199.0
2021-04-17,388.0,33.0,432.0,171.0,1891.0,537.0,617.0,172.0,127.0,3793.0,1460.0,29.0,106.0,1925.0,660.0,268.0,170.0,885.0,378.0,84.0,1178.0,715.0,4267.0,745.0,132.0,399.0,70.0,135.0,316.0,142.0,1780.0,126.0,3268.0,931.0,74.0,1518.0,280.0,221.0,2558.0,88.0,456.0,72.0,733.0,2931.0,157.0,31.0,824.0,443.0,227.0,611.0,46.0,0.0,287.0,1.0,39888.0
2021-04-24,453.0,55.0,483.0,175.0,1713.0,699.0,549.0,154.0,120.0,3735.0,1363.0,36.0,106.0,1723.0,704.0,233.0,171.0,819.0,312.0,94.0,1079.0,624.0,3339.0,634.0,178.0,443.0,71.0,103.0,278.0,108.0,1551.0,122.0,2755.0,935.0,70.0,1362.0,295.0,285.0,2483.0,74.0,439.0,73.0,714.0,2706.0,171.0,40.0,741.0,498.0,244.0,613.0,35.0,0.0,329.0,6.0,37095.0
2021-05-01,411.0,46.0,529.0,255.0,1690.0,806.0,495.0,134.0,106.0,3548.0,1365.0,48.0,105.0,1606.0,772.0,215.0,204.0,840.0,350.0,103.0,872.0,516.0,2655.0,654.0,191.0,496.0,100.0,112.0,343.0,74.0,1190.0,164.0,2122.0,858.0,79.0,1293.0,265.0,253.0,1870.0,78.0,361.0,78.0,610.0,2467.0,155.0,32.0,587.0,525.0,210.0,603.0,41.0,0.0,251.0,2.0,33735.0
2021-05-08,462.0,30.0,479.0,248.0,1515.0,819.0,425.0,95.0,87.0,3010.0,1303.0,40.0,93.0,1565.0,695.0,215.0,191.0,837.0,382.0,107.0,745.0,441.0,2008.0,490.0,184.0,454.0,112.0,86.0,265.0,90.0,984.0,200.0,1790.0,752.0,57.0,1196.0,202.0,283.0,1702.0,46.0,297.0,59.0,574.0,2315.0,172.0,21.0,562.0,485.0,239.0,595.0,43.0,0.0,139.0,1.0,30187.0
2021-05-15,501.0,29.0,435.0,242.0,1327.0,677.0,305.0,80.0,71.0,2867.0,1040.0,40.0,92.0,1116.0,586.0,175.0,136.0,827.0,368.0,104.0,586.0,355.0,1622.0,437.0,165.0,372.0,90.0,85.0,240.0,50.0,674.0,146.0,1401.0,719.0,63.0,987.0,202.0,279.0,1299.0,45.0,253.0,46.0,502.0,2099.0,174.0,21.0,444.0,460.0,209.0,592.0,40.0,0.0,124.0,1.0,25800.0
2021-05-22,345.0,14.0,424.0,253.0,1338.0,627.0,227.0,69.0,50.0,2376.0,998.0,30.0,101.0,1053.0,583.0,154.0,159.0,723.0,336.0,108.0,496.0,268.0,1191.0,380.0,192.0,319.0,119.0,62.0,214.0,67.0,534.0,173.0,1199.0,570.0,64.0,1012.0,254.0,247.0,1125.0,33.0,206.0,28.0,397.0,1861.0,179.0,12.0,364.0,479.0,205.0,501.0,57.0,0.0,82.0,0.0,22858.0
2021-05-29,329.0,19.0,463.0,256.0,1141.0,519.0,121.0,55.0,50.0,2281.0,845.0,39.0,89.0,821.0,528.0,135.0,140.0,709.0,378.0,80.0,315.0,234.0,877.0,264.0,178.0,385.0,134.0,48.0,190.0,48.0,431.0,132.0,951.0,538.0,38.0,882.0,214.0,211.0,988.0,26.0,180.0,25.0,352.0,1643.0,188.0,16.0,340.0,424.0,176.0,380.0,67.0,0.0,56.0,0.0,19929.0
2021-06-05,263.0,24.0,381.0,236.0,1111.0,464.0,110.0,39.0,55.0,1842.0,699.0,22.0,76.0,626.0,384.0,93.0,103.0,683.0,332.0,53.0,297.0,143.0,542.0,191.0,220.0,403.0,122.0,38.0,186.0,27.0,326.0,103.0,699.0,453.0,29.0,640.0,166.0,185.0,666.0,17.0,142.0,29.0,253.0,1588.0,154.0,6.0,245.0,387.0,124.0,266.0,76.0,0.0,36.0,1.0,16356.0
2021-06-12,216.0,16.0,370.0,254.0,1006.0,363.0,76.0,20.0,38.0,1744.0,724.0,19.0,78.0,463.0,315.0,100.0,112.0,719.0,326.0,40.0,220.0,115.0,418.0,147.0,241.0,512.0,80.0,37.0,182.0,22.0,268.0,88.0,588.0,378.0,25.0,540.0,171.0,151.0,522.0,20.0,108.0,26.0,225.0,1588.0,196.0,3.0,208.0,318.0,118.0,215.0,69.0,0.0,16.0,10.0,14824.0
2021-06-19,181.0,8.0,445.0,324.0,962.0,296.0,62.0,17.0,30.0,1743.0,635.0,28.0,66.0,372.0,258.0,90.0,135.0,601.0,273.0,38.0,163.0,89.0,286.0,102.0,222.0,568.0,92.0,49.0,241.0,22.0,224.0,99.0,471.0,360.0,26.0,464.0,164.0,197.0,330.0,15.0,98.0,16.0,159.0,1376.0,204.0,4.0,168.0,258.0,86.0,154.0,47.0,0.0,17.0,1.0,13336.0
2021-06-26,208.0,14.0,444.0,401.0,1052.0,300.0,62.0,12.0,32.0,1788.0,635.0,30.0,83.0,315.0,212.0,88.0,123.0,556.0,376.0,31.0,132.0,86.0,209.0,98.0,235.0,594.0,80.0,27.0,340.0,9.0,239.0,85.0,416.0,314.0,14.0,437.0,247.0,128.0,312.0,2.0,84.0,22.0,148.0,1394.0,228.0,9.0,183.0,281.0,62.0,128.0,43.0,0.0,17.0,7.0,13372.0
2021-07-03,499.0,28.0,485.0,449.0,1274.0,350.0,46.0,10.0,31.0,2147.0,599.0,27.0,53.0,321.0,225.0,85.0,116.0,525.0,363.0,33.0,106.0,83.0,219.0,97.0,209.0,741.0,65.0,44.0,468.0,12.0,211.0,80.0,378.0,320.0,12.0,327.0,290.0,112.0,277.0,10.0,91.0,31.0,163.0,1633.0,266.0,7.0,168.0,251.0,50.0,117.0,55.0,0.0,16.0,2.0,14577.0
2021-07-10,318.0,38.0,435.0,672.0,1457.0,362.0,44.0,21.0,15.0,3233.0,775.0,53.0,66.0,393.0,281.0,90.0,173.0,530.0,607.0,30.0,131.0,106.0,210.0,104.0,273.0,928.0,89.0,58.0,582.0,22.0,242.0,104.0,384.0,339.0,13.0,384.0,424.0,90.0,242.0,12.0,173.0,28.0,224.0,2185.0,243.0,4.0,184.0,261.0,66.0,130.0,58.0,0.0,20.0,4.0,17910.0
2021-07-17,556.0,43.0,668.0,779.0,2054.0,318.0,69.0,20.0,23.0,4876.0,1011.0,37.0,91.0,472.0,357.0,106.0,314.0,672.0,818.0,32.0,130.0,94.0,259.0,120.0,375.0,1121.0,95.0,93.0,699.0,17.0,283.0,99.0,468.0,511.0,14.0,431.0,572.0,128.0,246.0,9.0,264.0,43.0,378.0,3093.0,316.0,3.0,230.0,295.0,64.0,191.0,80.0,0.0,25.0,10.0,24072.0
2021-07-24,1188.0,82.0,732.0,972.0,2980.0,404.0,117.0,25.0,22.0,8006.0,1542.0,48.0,118.0,668.0,487.0,162.0,371.0,729.0,1381.0,53.0,188.0,137.0,270.0,183.0,525.0,1433.0,104.0,111.0,819.0,33.0,369.0,133.0,636.0,769.0,23.0,586.0,748.0,166.0,382.0,15.0,371.0,27.0,606.0,4770.0,328.0,4.0,335.0,376.0,87.0,262.0,117.0,0.0,56.0,7.0,35063.0
2021-07-31,1872.0,87.0,1036.0,1120.0,4123.0,486.0,153.0,17.0,28.0,11419.0,2575.0,100.0,169.0,974.0,704.0,211.0,475.0,1203.0,2124.0,55.0,292.0,258.0,335.0,236.0,823.0,1747.0,165.0,130.0,944.0,27.0,494.0,182.0,849.0,1117.0,21.0,750.0,1263.0,300.0,515.0,18.0,780.0,44.0,1048.0,7038.0,371.0,6.0,426.0,531.0,153.0,362.0,97.0,0.0,103.0,6.0,50362.0
2021-08-07,2118.0,89.0,1155.0,1223.0,5476.0,601.0,244.0,72.0,47.0,14561.0,3575.0,232.0,216.0,1332.0,997.0,325.0,591.0,1788.0,3009.0,57.0,404.0,319.0,593.0,264.0,1140.0,1725.0,203.0,158.0,905.0,46.0,617.0,239.0,1353.0,1532.0,35.0,1131.0,1646.0,465.0,741.0,43.0,1129.0,54.0,1558.0,9873.0,428.0,14.0,622.0,630.0,256.0,659.0,110.0,0.0,199.0,6.0,66805.0
2021-08-14,2603.0,126.0,1350.0,1411.0,6339.0,664.0,298.0,111.0,100.0,15674.0,4514.0,303.0,300.0,1706.0,1375.0,408.0,669.0,2411.0,2904.0,87.0,554.0,400.0,803.0,393.0,1351.0,1861.0,261.0,210.0,1011.0,70.0,824.0,318.0,1910.0,2126.0,55.0,1452.0,2015.0,554.0,1016.0,91.0,1469.0,94.0,1987.0,11681.0,430.0,26.0,927.0,825.0,321.0,988.0,153.0,0.0,178.0,15.0,79722.0
2021-08-21,2582.0,118.0,1424.0,1297.0,6913.0,852.0,373.0,177.0,189.0,15485.0,5064.0,401.0,340.0,1841.0,1771.0,496.0,722.0,3085.0,2600.0,104.0,631.0,507.0,928.0,482.0,1296.0,1717.0,330.0,234.0,942.0,119.0,988.0,389.0,2036.0,2457.0,113.0,1908.0,2153.0,731.0,1284.0,89.0,1913.0,126.0,2200.0,12316.0,454.0,22.0,1068.0,1021.0,436.0,1185.0,197.0,0.0,231.0,3.0,86340.0
2021-08-28,2536.0,135.0,1445.0,1136.0,6636.0,861.0,359.0,197.0,126.0,13608.0,5665.0,361.0,442.0,1995.0,2078.0,585.0,699.0,3493.0,1993.0,130.0,698.0,524.0,1005.0,508.0,1132.0,1538.0,362.0,295.0,898.0,143.0,962.0,453.0,2128.0,2599.0,164.0,2247.0,2160.0,940.0,1560.0,80.0,2127.0,241.0,2558.0,11882.0,498.0,48.0,1271.0,1165.0,580.0,1121.0,302.0,0.0,190.0,3.0,86862.0
2021-09-04,2673.0,163.0,1609.0,1055.0,6075.0,993.0,294.0,175.0,104.0,11543.0,5190.0,293.0,484.0,1968.0,2150.0,550.0,708.0,3976.0,1470.0,141.0,737.0,518.0,1072.0,524.0,991.0,1362.0,431.0,306.0,824.0,147.0,1021.0,468.0,2235.0,2714.0,137.0,2816.0,2159.0,912.0,1661.0,96.0,2239.0,229.0,2902.0,11710.0,509.0,39.0,1441.0,1239.0,668.0,1418.0,216.0,0.0,164.0,2.0,85521.0
2021-09-11,2352.0,202.0,1534.0,904.0,5060.0,987.0,323.0,214.0,135.0,9195.0,4669.0,286.0,560.0,1850.0,2180.0,534.0,729.0,4232.0,1250.0,132.0,682.0,609.0,1252.0,555.0,769.0,1255.0,589.0,303.0,785.0,124.0,1032.0,379.0,2184.0,2568.0,156.0,3286.0,2077.0,852.0,1826.0,60.0,2325.0,165.0,2710.0,10655.0,579.0,42.0,1536.0,1137.0,664.0,1480.0,239.0,0.0,131.0,5.0,80339.0
2021-09-18,1709.0,192.0,1430.0,892.0,4410.0,959.0,263.0,189.0,110.0,7090.0,3777.0,229.0,615.0,1653.0,2028.0,571.0,631.0,3216.0,1035.0,172.0,715.0,534.0,1327.0,659.0,530.0,1123.0,589.0,370.0,798.0,107.0,1010.0,373.0,2157.0,2358.0,166.0,3697.0,1967.0,726.0,2036.0,83.0,1987.0,197.0,2242.0,9424.0,564.0,72.0,1554.0,1011.0,759.0,1507.0,214.0,0.0,104.0,5.0,72136.0
2021-09-25,1156.0,171.0,1318.0,729.0,3854.0,979.0,244.0,200.0,100.0,5320.0,3119.0,159.0,623.0,1595.0,1673.0,701.0,592.0,1833.0,716.0,174.0,686.0,493.0,1391.0,679.0,453.0,1039.0,665.0,349.0,641.0,126.0,892.0,311.0,2062.0,2249.0,209.0,3626.0,1599.0,581.0,2216.0,92.0,1485.0,181.0,1814.0,7666.0,551.0,67.0,1464.0,869.0,746.0,1564.0,208.0,0.0,54.0,3.0,62287.0
2021-10-02,837.0,164.0,1220.0,536.0,3112.0,992.0,258.0,183.0,83.0,3904.0,2647.0,131.0,552.0,1370.0,1434.0,653.0,522.0,1618.0,524.0,163.0,656.0,475.0,1514.0,738.0,321.0,821.0,687.0,327.0,610.0,133.0,899.0,341.0,1898.0,1759.0,236.0,3310.0,1347.0,529.0,2290.0,62.0,1151.0,205.0,1432.0,6052.0,534.0,67.0,1248.0,854.0,682.0,1415.0,203.0,0.0,29.0,7.0,53735.0
2021-10-09,741.0,155.0,1236.0,494.0,2890.0,1104.0,233.0,173.0,81.0,3161.0,2369.0,96.0,507.0,1274.0,1268.0,590.0,458.0,1248.0,429.0,113.0,632.0,448.0,1834.0,825.0,256.0,758.0,815.0,322.0,595.0,116.0,752.0,364.0,1900.0,1602.0,214.0,3062.0,1304.0,450.0,2375.0,59.0,882.0,189.0,1152.0,4749.0,578.0,44.0,1102.0,771.0,612.0,1455.0,249.0,0.0,42.0,3.0,49131.0
2021-10-16,554.0,181.0,1228.0,411.0,2776.0,1245.0,208.0,187.0,63.0,2464.0,1860.0,60.0,434.0,1130.0,1174.0,547.0,474.0,1043.0,379.0,153.0,562.0,441.0,1838.0,833.0,195.0,678.0,665.0,323.0,522.0,155.0,740.0,344.0,1956.0,1363.0,267.0,2860.0,977.0,365.0,2486.0,52.0,678.0,163.0,1007.0,3877.0,501.0,60.0,1043.0,750.0,533.0,1340.0,275.0,0.0,37.0,2.0,44459.0
2021-10-23,427.0,189.0,1265.0,370.0,2968.0,1323.0,202.0,143.0,46.0,2012.0,1303.0,49.0,404.0,980.0,1022.0,472.0,397.0,922.0,304.0,176.0,476.0,401.0,1795.0,742.0,238.0,564.0,650.0,290.0,480.0,175.0,684.0,429.0,1777.0,903.0,205.0,2477.0,792.0,375.0,2319.0,62.0,485.0,190.0,746.0,3313.0,529.0,55.0,829.0,658.0,468.0,1145.0,247.0,0.0,36.0,5.0,39514.0
2021-10-30,388.0,167.0,1425.0,326.0,3048.0,1377.0,185.0,132.0,47.0,1636.0,1138.0,59.0,316.0,957.0,953.0,477.0,380.0,851.0,222.0,149.0,480.0,414.0,1882.0,779.0,147.0,559.0,617.0,378.0,486.0,177.0,566.0,465.0,1638.0,790.0,214.0,2210.0,679.0,350.0,2074.0,44.0,420.0,216.0,585.0,2644.0,549.0,58.0,689.0,671.0,412.0,1010.0,221.0,0.0,12.0,3.0,36672.0
2021-11-06,284.0,127.0,1620.0,282.0,2945.0,1566.0,198.0,118.0,36.0,1422.0,963.0,38.0,322.0,985.0,950.0,484.0,402.0,712.0,206.0,173.0,435.0,416.0,2097.0,882.0,121.0,581.0,501.0,357.0,533.0,197.0,532.0,460.0,1634.0,762.0,196.0,2224.0,596.0,375.0,1986.0,69.0,353.0,195.0,505.0,2151.0,607.0,64.0,618.0,674.0,380.0,1147.0,201.0,0.0,33.0,2.0,35717.0
2021-11-13,293.0,133.0,1811.0,270.0,2652.0,1665.0,229.0,118.0,34.0,1276.0,943.0,43.0,221.0,1282.0,1126.0,538.0,475.0,709.0,196.0,200.0,461.0,492.0,2722.0,1064.0,110.0,639.0,465.0,377.0,509.0,235.0,622.0,501.0,1856.0,711.0,183.0,2582.0,671.0,321.0,2057.0,66.0,348.0,262.0,513.0,2364.0,538.0,67.0,620.0,586.0,370.0,1361.0,160.0,0.0,56.0,2.0,38105.0
2021-11-20,266.0,83.0,1914.0,322.0,2435.0,1698.0,262.0,150.0,48.0,1311.0,900.0,35.0,237.0,1484.0,1444.0,611.0,540.0,862.0,213.0,226.0,517.0,650.0,3307.0,1106.0,121.0,795.0,403.0,459.0,467.0,269.0,771.0,538.0,2303.0,804.0,165.0,3092.0,627.0,293.0,2638.0,78.0,357.0,231.0,595.0,2383.0,499.0,69.0,588.0,524.0,399.0,1553.0,154.0,0.0,23.0,4.0,41823.0
2021-11-27,267.0,79.0,2086.0,356.0,2318.0,1581.0,338.0,166.0,51.0,1172.0,769.0,38.0,228.0,1906.0,1790.0,630.0,572.0,913.0,225.0,265.0,584.0,726.0,3410.0,1214.0,141.0,951.0,301.0,435.0,488.0,311.0,889.0,472.0,2676.0,894.0,218.0,3490.0,641.0,296.0,3090.0,97.0,317.0,234.0,681.0,2589.0,477.0,78.0,709.0,462.0,385.0,1665.0,109.0,0.0,19.0,2.0,44801.0
2021-12-04,342.0,67.0,2234.0,463.0,2540.0,1496.0,480.0,203.0,81.0,1260.0,895.0,33.0,209.0,2480.0,2281.0,741.0,695.0,912.0,237.0,251.0,766.0,910.0,3690.0,1270.0,171.0,1259.0,278.0,491.0,493.0,384.0,1207.0,552.0,3100.0,994.0,221.0,3973.0,858.0,267.0,3560.0,124.0,407.0,267.0,785.0,2877.0,527.0,114.0,880.0,522.0,419.0,1891.0,116.0,0.0,22.0,2.0,51297.0
2021-12-11,341.0,55.0,2131.0,496.0,2766.0,1286.0,682.0,244.0,95.0,1392.0,1023.0,32.0,215.0,3033.0,2486.0,814.0,734.0,862.0,214.0,326.0,960.0,1201.0,3683.0,1198.0,177.0,1582.0,220.0,442.0,518.0,408.0,1665.0,533.0,3344.0,1222.0,188.0,4439.0,1121.0,316.0,3810.0,193.0,450.0,298.0,879.0,2966.0,469.0,103.0,1100.0,488.0,555.0,2130.0,107.0,0.0,27.0,1.0,56020.0
2021-12-18,363.0,58.0,1885.0,539.0,2700.0,1002.0,781.0,321.0,153.0,1764.0,1315.0,49.0,163.0,3207.0,2522.0,778.0,740.0,869.0,284.0,298.0,1214.0,1232.0,3011.0,1032.0,180.0,1519.0,150.0,386.0,520.0,339.0,1835.0,433.0,3568.0,1350.0,113.0,4385.0,1065.0,239.0,3625.0,207.0,473.0,223.0,838.0,2945.0,441.0,62.0,1100.0,482.0,428.0,2042.0,86.0,0.0,50.0,3.0,55367.0
2021-12-25,499.0,51.0,1790.0,481.0,3234.0,1235.0,737.0,273.0,311.0,3528.0,1986.0,103.0,184.0,3888.0,2397.0,760.0,733.0,877.0,600.0,220.0,1594.0,1319.0,2809.0,984.0,248.0,1500.0,138.0,320.0,591.0,309.0,2682.0,415.0,5219.0,1563.0,131.0,4470.0,1133.0,271.0,3438.0,172.0,624.0,214.0,1017.0,4160.0,438.0,79.0,1337.0,573.0,450.0,1763.0,76.0,0.0,162.0,6.0,64092.0
2022-01-01,1154.0,48.0,2159.0,762.0,6836.0,1754.0,1446.0,453.0,633.0,8764.0,4187.0,219.0,190.0,5477.0,2718.0,799.0,886.0,1153.0,1329.0,224.0,2789.0,2046.0,3389.0,1030.0,732.0,2072.0,170.0,378.0,862.0,312.0,5037.0,429.0,9644.0,2391.0,173.0,6142.0,1421.0,381.0,5047.0,306.0,1298.0,214.0,1825.0,8873.0,483.0,84.0,2427.0,1000.0,618.0,2041.0,69.0,0.0,414.0,9.0,105297.0
2022-01-08,1888.0,93.0,2732.0,1078.0,11758.0,2404.0,1988.0,699.0,605.0,13708.0,5921.0,359.0,320.0,6366.0,3172.0,1059.0,1078.0,1454.0,2242.0,251.0,3368.0,2608.0,3979.0,1303.0,1142.0,2607.0,344.0,458.0,1289.0,323.0,6296.0,532.0,11952.0,3399.0,173.0,7184.0,1771.0,556.0,6261.0,364.0,1974.0,288.0,2436.0,12343.0,674.0,123.0,3369.0,1486.0,691.0,2556.0,90.0,0.0,640.0,16.0,141770.0
2022-01-15,2478.0,123.0,3390.0,1458.0,14886.0,2421.0,1892.0,673.0,554.0,14474.0,5914.0,373.0,376.0,6085.0,3243.0,1168.0,1270.0,1722.0,2590.0,249.0,2808.0,3127.0,3869.0,1378.0,1335.0,2926.0,499.0,496.0,1587.0,434.0,5420.0,620.0,11071.0,4104.0,239.0,6930.0,2623.0,695.0,6532.0,451.0,2570.0,449.0,2737.0,14378.0,954.0,156.0,3267.0,1842.0,774.0,2677.0,143.0,0.0,919.0,17.0,153366.0
2022-01-22,2837.0,153.0,3842.0,1861.0,14875.0,2080.0,1553.0,495.0,320.0,12855.0,4915.0,415.0,515.0,4691.0,3078.0,1030.0,1411.0,2045.0,2377.0,261.0,1959.0,2542.0,3507.0,1442.0,1381.0,2961.0,491.0,627.0,1551.0,425.0,3884.0,765.0,8290.0,4096.0,288.0,5393.0,3241.0,844.0,5114.0,333.0,2749.0,499.0,2852.0,14598.0,1186.0,140.0,3085.0,1926.0,898.0,2325.0,168.0,0.0,613.0,31.0,141813.0
2022-01-29,2974.0,156.0,3662.0,1924.0,12932.0,2115.0,1096.0,407.0,237.0,10493.0,4605.0,325.0,587.0,3475.0,2478.0,958.0,1210.0,2199.0,2111.0,250.0,1384.0,1908.0,2834.0,1322.0,1262.0,2796.0,534.0,599.0,1320.0,322.0,2650.0,671.0,5588.0,4282.0,300.0,4558.0,3479.0,924.0,4004.0,247.0,2719.0,406.0,2975.0,13194.0,1133.0,129.0,2586.0,1711.0,978.0,1893.0,201.0,0.0,371.0,19.0,123493.0
2022-02-05,2241.0,124.0,3004.0,1595.0,9736.0,1208.0,746.0,272.0,129.0,8100.0,3726.0,244.0,500.0,2550.0,2049.0,764.0,869.0,1717.0,1713.0,269.0,982.0,1280.0,2210.0,995.0,988.0,2120.0,526.0,529.0,990.0,273.0,1633.0,657.0,4034.0,3232.0,237.0,3174.0,2825.0,851.0,2934.0,155.0,1837.0,317.0,2430.0,10202.0,969.0,99.0,1986.0,1416.0,834.0,1529.0,194.0,0.0,161.0,5.0,94160.0
2022-02-12,1548.0,97.0,2227.0,1148.0,7464.0,822.0,500.0,189.0,104.0,6068.0,2355.0,197.0,402.0,2009.0,1544.0,577.0,685.0,1518.0,1156.0,198.0,705.0,919.0,1856.0,811.0,634.0,1623.0,363.0,421.0,721.0,213.0,1160.0,458.0,2714.0,2346.0,173.0,2451.0,2092.0,714.0,2157.0,93.0,1317.0,232.0,1863.0,7456.0,717.0,77.0,1495.0,1056.0,696.0,1099.0,143.0,0.0,128.0,4.0,69715.0
2022-02-19,1001.0,84.0,1681.0,806.0,5042.0,598.0,328.0,122.0,87.0,4238.0,1612.0,163.0,257.0,1264.0,976.0,383.0,509.0,1056.0,760.0,140.0,471.0,602.0,1339.0,556.0,339.0,1107.0,254.0,262.0,509.0,124.0,808.0,303.0,1897.0,1684.0,157.0,1611.0,1115.0,561.0,1558.0,63.0,824.0,146.0,1349.0,4917.0,490.0,78.0,1105.0,843.0,538.0,761.0,98.0,0.0,74.0,1.0,47651.0
2022-02-26,673.0,61.0,1099.0,445.0,3609.0,418.0,277.0,85.0,60.0,2905.0,1197.0,116.0,143.0,981.0,620.0,285.0,384.0,853.0,494.0,81.0,379.0,414.0,1006.0,430.0,245.0,808.0,179.0,178.0,328.0,108.0,669.0,229.0,1457.0,1181.0,94.0,1077.0,578.0,474.0,1210.0,55.0,511.0,122.0,866.0,3402.0,348.0,49.0,772.0,619.0,451.0,608.0,60.0,1.0,50.0,1.0,33745.0
2022-03-05,446.0,44.0,876.0,377.0,2888.0,281.0,197.0,71.0,67.0,1983.0,876.0,84.0,99.0,720.0,485.0,203.0,259.0,577.0,343.0,76.0,273.0,311.0,754.0,319.0,132.0,585.0,132.0,134.0,227.0,62.0,519.0,174.0,1230.0,776.0,73.0,786.0,382.0,337.0,974.0,33.0,372.0,83.0,524.0,2468.0,305.0,39.0,513.0,485.0,320.0,392.0,51.0,8.0,40.0,1.0,24766.0
2022-03-12,305.0,39.0,656.0,289.0,2047.0,216.0,203.0,46.0,48.0,1509.0,648.0,81.0,98.0,544.0,410.0,160.0,172.0,423.0,239.0,80.0,228.0,242.0,574.0,254.0,85.0,434.0,76.0,98.0,160.0,62.0,378.0,131.0,858.0,508.0,48.0,574.0,240.0,235.0,608.0,26.0,256.0,58.0,317.0,1823.0,226.0,33.0,369.0,338.0,207.0,276.0,30.0,3.0,38.0,2.0,18008.0
2022-03-19,203.0,37.0,457.0,201.0,1600.0,152.0,147.0,46.0,23.0,1101.0,421.0,60.0,42.0,496.0,339.0,107.0,160.0,355.0,178.0,52.0,182.0,212.0,452.0,217.0,63.0,282.0,79.0,79.0,127.0,59.0,336.0,102.0,826.0,365.0,44.0,496.0,176.0,177.0,508.0,35.0,161.0,37.0,249.0,1406.0,127.0,40.0,321.0,239.0,141.0,277.0,30.0,7.0,55.0,1.0,14085.0
2022-03-26,151.0,35.0,442.0,178.0,1505.0,129.0,131.0,44.0,14.0,929.0,341.0,35.0,33.0,428.0,214.0,84.0,122.0,238.0,152.0,78.0,134.0,252.0,401.0,203.0,42.0,261.0,53.0,61.0,121.0,34.0,285.0,88.0,803.0,310.0,21.0,376.0,107.0,125.0,377.0,27.0,124.0,30.0,165.0,1377.0,106.0,33.0,226.0,202.0,125.0,213.0,17.0,12.0,46.0,2.0,12042.0
2022-04-02,130.0,42.0,312.0,147.0,960.0,124.0,148.0,43.0,22.0,883.0,293.0,53.0,20.0,427.0,190.0,90.0,105.0,199.0,130.0,63.0,146.0,248.0,354.0,161.0,30.0,211.0,26.0,55.0,113.0,47.0,316.0,65.0,902.0,267.0,21.0,309.0,130.0,87.0,352.0,32.0,88.0,22.0,111.0,988.0,79.0,31.0,233.0,179.0,117.0,174.0,14.0,19.0,46.0,0.0,10354.0
2022-04-09,118.0,33.0,475.0,155.0,978.0,110.0,190.0,49.0,28.0,859.0,253.0,43.0,27.0,476.0,148.0,79.0,114.0,165.0,112.0,71.0,173.0,291.0,381.0,173.0,18.0,170.0,28.0,31.0,80.0,66.0,348.0,47.0,1140.0,244.0,14.0,328.0,89.0,110.0,334.0,29.0,72.0,26.0,96.0,875.0,77.0,50.0,168.0,195.0,66.0,171.0,15.0,7.0,70.0,3.0,10468.0
2022-04-16,104.0,30.0,256.0,138.0,908.0,129.0,221.0,34.0,26.0,1028.0,276.0,52.0,26.0,418.0,169.0,82.0,74.0,147.0,109.0,72.0,163.0,404.0,438.0,184.0,27.0,160.0,26.0,42.0,95.0,85.0,421.0,56.0,1377.0,275.0,14.0,349.0,85.0,127.0,408.0,36.0,71.0,21.0,121.0,807.0,66.0,42.0,178.0,212.0,80.0,202.0,10.0,37.0,138.0,1.0,11057.0
2022-04-23,110.0,38.0,260.0,121.0,1023.0,189.0,252.0,50.0,35.0,1139.0,250.0,69.0,44.0,553.0,216.0,99.0,69.0,153.0,110.0,105.0,187.0,514.0,531.0,246.0,29.0,216.0,29.0,51.0,85.0,88.0,484.0,61.0,1802.0,285.0,32.0,410.0,59.0,146.0,503.0,43.0,99.0,40.0,100.0,818.0,73.0,82.0,273.0,265.0,70.0,256.0,8.0,6.0,300.0,4.0,13080.0
2022-04-30,130.0,41.0,268.0,75.0,1166.0,179.0,367.0,66.0,68.0,1445.0,322.0,88.0,52.0,744.0,247.0,121.0,81.0,119.0,194.0,133.0,263.0,635.0,675.0,306.0,33.0,173.0,36.0,39.0,92.0,90.0,542.0,54.0,2118.0,364.0,28.0,871.0,69.0,173.0,647.0,57.0,118.0,22.0,153.0,750.0,78.0,123.0,230.0,342.0,111.0,341.0,8.0,1.0,284.0,5.0,15737.0
2022-05-07,109.0,47.0,337.0,100.0,1424.0,276.0,369.0,122.0,64.0,1726.0,313.0,109.0,53.0,828.0,287.0,155.0,60.0,148.0,189.0,130.0,327.0,795.0,810.0,380.0,42.0,214.0,55.0,48.0,151.0,112.0,718.0,47.0,2994.0,422.0,32.0,636.0,73.0,222.0,803.0,68.0,158.0,23.0,147.0,864.0,116.0,102.0,383.0,426.0,117.0,419.0,20.0,0.0,245.0,3.0,18818.0
2022-05-14,175.0,48.0,400.0,132.0,1694.0,276.0,433.0,131.0,67.0,2056.0,355.0,147.0,48.0,1063.0,388.0,202.0,115.0,216.0,193.0,153.0,397.0,887.0,1028.0,434.0,66.0,285.0,56.0,67.0,172.0,144.0,905.0,83.0,2785.0,534.0,40.0,787.0,95.0,250.0,1099.0,102.0,163.0,45.0,228.0,901.0,121.0,73.0,443.0,579.0,157.0,515.0,23.0,0.0,401.0,10.0,22167.0
2022-05-21,173.0,45.0,408.0,88.0,2240.0,350.0,464.0,151.0,100.0,2490.0,467.0,195.0,69.0,1221.0,393.0,202.0,119.0,295.0,307.0,162.0,589.0,972.0,1094.0,471.0,90.0,354.0,82.0,83.0,197.0,173.0,967.0,113.0,2809.0,609.0,38.0,982.0,90.0,316.0,1303.0,79.0,313.0,31.0,297.0,1101.0,161.0,66.0,606.0,556.0,167.0,474.0,16.0,1.0,294.0,20.0,25453.0
2022-05-28,210.0,63.0,469.0,97.0,2610.0,765.0,455.0,138.0,97.0,3117.0,510.0,197.0,88.0,1277.0,474.0,207.0,145.0,359.0,383.0,118.0,570.0,878.0,1008.0,459.0,71.0,410.0,119.0,98.0,249.0,149.0,1048.0,118.0,2515.0,732.0,50.0,1013.0,122.0,353.0,1432.0,80.0,282.0,55.0,308.0,1341.0,207.0,61.0,601.0,587.0,189.0,467.0,27.0,8.0,259.0,16.0,27661.0
2022-06-04,324.0,69.0,594.0,140.0,2948.0,519.0,402.0,148.0,99.0,3506.0,664.0,212.0,99.0,1315.0,553.0,220.0,152.0,385.0,413.0,114.0,540.0,739.0,923.0,474.0,128.0,516.0,121.0,143.0,321.0,113.0,1030.0,157.0,2198.0,828.0,49.0,1057.0,141.0,349.0,1273.0,62.0,323.0,49.0,370.0,1741.0,196.0,51.0,657.0,596.0,224.0,500.0,36.0,2.0,324.0,6.0,29113.0
2022-06-11,327.0,69.0,682.0,187.0,3418.0,710.0,375.0,112.0,103.0,4082.0,741.0,241.0,128.0,1272.0,496.0,203.0,164.0,428.0,510.0,92.0,452.0,650.0,850.0,464.0,163.0,569.0,163.0,121.0,370.0,120.0,916.0,154.0,1858.0,783.0,72.0,1018.0,164.0,348.0,1232.0,51.0,388.0,66.0,460.0,2085.0,261.0,41.0,713.0,538.0,243.0,500.0,46.0,3.0,319.0,8.0,30529.0
2022-06-18,423.0,65.0,701.0,215.0,3410.0,578.0,312.0,120.0,115.0,4381.0,807.0,228.0,139.0,1199.0,517.0,236.0,211.0,489.0,574.0,99.0,452.0,610.0,767.0,410.0,233.0,633.0,162.0,151.0,389.0,104.0,876.0,177.0,1844.0,787.0,69.0,958.0,267.0,376.0,1077.0,47.0,397.0,71.0,479.0,2409.0,297.0,40.0,739.0,602.0,192.0,467.0,58.0,3.0,264.0,6.0,31232.0
2022-06-25,560.0,110.0,798.0,255.0,4001.0,589.0,374.0,102.0,108.0,4615.0,956.0,291.0,185.0,1304.0,585.0,253.0,214.0,476.0,649.0,57.0,526.0,594.0,728.0,428.0,309.0,711.0,176.0,165.0,472.0,106.0,881.0,250.0,1923.0,772.0,58.0,1106.0,296.0,455.0,1033.0,37.0,477.0,82.0,638.0,2953.0,297.0,35.0,664.0,689.0,222.0,492.0,57.0,6.0,242.0,2.0,34364.0
2022-07-02,638.0,86.0,786.0,312.0,4368.0,647.0,361.0,105.0,128.0,4849.0,1086.0,256.0,226.0,1384.0,679.0,254.0,278.0,511.0,746.0,92.0,530.0,613.0,712.0,403.0,319.0,727.0,197.0,179.0,484.0,80.0,954.0,230.0,2121.0,903.0,55.0,1076.0,371.0,500.0,1116.0,37.0,439.0,91.0,649.0,3444.0,368.0,48.0,712.0,750.0,258.0,464.0,62.0,18.0,273.0,5.0,36980.0
2022-07-09,700.0,86.0,793.0,396.0,4967.0,707.0,400.0,105.0,123.0,5166.0,1256.0,223.0,218.0,1447.0,704.0,277.0,297.0,613.0,887.0,78.0,569.0,642.0,780.0,426.0,407.0,904.0,197.0,183.0,493.0,95.0,1009.0,198.0,2380.0,874.0,79.0,1198.0,461.0,502.0,1172.0,52.0,554.0,89.0,726.0,4321.0,385.0,32.0,769.0,782.0,309.0,541.0,66.0,13.0,238.0,12.0,40901.0
2022-07-16,847.0,100.0,924.0,488.0,5230.0,647.0,394.0,142.0,150.0,5348.0,1486.0,222.0,237.0,1641.0,722.0,331.0,366.0,747.0,1002.0,80.0,573.0,734.0,864.0,477.0,438.0,950.0,175.0,170.0,489.0,108.0,1160.0,220.0,2568.0,1038.0,82.0,1453.0,484.0,499.0,1290.0,53.0,585.0,95.0,837.0,4312.0,341.0,23.0,831.0,825.0,342.0,597.0,69.0,49.0,203.0,8.0,44046.0
2022-07-23,890.0,107.0,940.0,497.0,5208.0,592.0,394.0,148.0,134.0,5488.0,1715.0,229.0,246.0,1678.0,837.0,373.0,394.0,747.0,1048.0,89.0,620.0,755.0,930.0,467.0,463.0,1076.0,195.0,196.0,412.0,121.0,1209.0,237.0,2696.0,1194.0,80.0,1676.0,608.0,451.0,1418.0,44.0,731.0,98.0,835.0,4568.0,372.0,41.0,873.0,805.0,377.0,658.0,75.0,8.0,239.0,5.0,46287.0
2022-07-30,852.0,116.0,751.0,454.0,4857.0,504.0,446.0,157.0,143.0,5397.0,1739.0,195.0,236.0,1591.0,953.0,378.0,359.0,822.0,905.0,80.0,629.0,694.0,974.0,503.0,429.0,914.0,170.0,235.0,350.0,84.0,1196.0,201.0,2614.0,1265.0,82.0,1638.0,596.0,492.0,1438.0,58.0,736.0,139.0,826.0,4410.0,354.0,42.0,918.0,693.0,392.0,645.0,78.0,4.0,288.0,10.0,45032.0
2022-08-06,809.0,91.0,735.0,433.0,4571.0,516.0,438.0,151.0,153.0,5211.0,1575.0,210.0,184.0,1691.0,963.0,447.0,320.0,814.0,877.0,100.0,632.0,663.0,1073.0,524.0,367.0,873.0,157.0,214.0,279.0,123.0,1154.0,190.0,2462.0,1213.0,101.0,1701.0,613.0,420.0,1446.0,77.0,776.0,134.0,857.0,4267.0,311.0,36.0,919.0,628.0,414.0,699.0,63.0,2.0,280.0,0.0,43957.0
2022-08-13,801.0,111.0,747.0,422.0,4099.0,455.0,428.0,158.0,151.0,4802.0,1553.0,211.0,152.0,1621.0,973.0,371.0,333.0,859.0,827.0,110.0,613.0,652.0,1102.0,570.0,301.0,803.0,188.0,211.0,228.0,96.0,1124.0,212.0,2381.0,1260.0,102.0,1679.0,576.0,364.0,1476.0,92.0,700.0,157.0,806.0,3913.0,304.0,45.0,1000.0,605.0,363.0,707.0,66.0,0.0,277.0,7.0,42164.0
2022-08-20,726.0,90.0,622.0,389.0,3935.0,367.0,442.0,168.0,142.0,4272.0,1499.0,167.0,160.0,1523.0,917.0,368.0,273.0,752.0,710.0,110.0,574.0,662.0,1146.0,612.0,312.0,806.0,161.0,229.0,185.0,105.0,1080.0,167.0,2323.0,1083.0,84.0,1576.0,559.0,338.0,1509.0,86.0,669.0,123.0,789.0,3266.0,263.0,37.0,926.0,534.0,393.0,604.0,53.0,1.0,238.0,9.0,39134.0
2022-08-27,714.0,89.0,488.0,340.0,3810.0,364.0,434.0,142.0,138.0,3720.0,1511.0,169.0,168.0,1451.0,923.0,370.0,282.0,799.0,717.0,122.0,543.0,700.0,1084.0,513.0,264.0,664.0,140.0,190.0,174.0,139.0,1045.0,138.0,2202.0,1034.0,87.0,1656.0,482.0,330.0,1411.0,88.0,666.0,158.0,804.0,3033.0,200.0,51.0,839.0,496.0,367.0,606.0,37.0,0.0,221.0,9.0,37122.0
2022-09-03,686.0,76.0,440.0,343.0,3403.0,341.0,402.0,140.0,107.0,3413.0,1167.0,161.0,144.0,1368.0,816.0,337.0,253.0,807.0,640.0,112.0,525.0,653.0,1123.0,508.0,276.0,752.0,130.0,195.0,136.0,117.0,963.0,151.0,2039.0,977.0,77.0,1458.0,466.0,319.0,1397.0,79.0,555.0,125.0,792.0,2957.0,208.0,41.0,845.0,484.0,308.0,615.0,29.0,1.0,195.0,7.0,34659.0
2022-09-10,529.0,69.0,353.0,292.0,3215.0,327.0,406.0,108.0,106.0,2943.0,1036.0,159.0,132.0,1365.0,597.0,341.0,227.0,650.0,538.0,115.0,496.0,662.0,1084.0,428.0,227.0,704.0,123.0,145.0,141.0,93.0,869.0,127.0,1918.0,1029.0,67.0,1489.0,458.0,290.0,1311.0,73.0,499.0,98.0,683.0,2708.0,163.0,43.0,774.0,432.0,326.0,531.0,19.0,1.0,197.0,8.0,31724.0
2022-09-17,427.0,49.0,319.0,336.0,2795.0,310.0,430.0,96.0,93.0,2671.0,908.0,102.0,126.0,1203.0,523.0,267.0,252.0,542.0,475.0,109.0,475.0,743.0,1072.0,481.0,156.0,666.0,118.0,141.0,104.0,110.0,801.0,87.0,1954.0,876.0,69.0,1448.0,369.0,251.0,1249.0,90.0,389.0,85.0,540.0,2523.0,177.0,45.0,703.0,421.0,313.0,553.0,37.0,0.0,161.0,8.0,29248.0
2022-09-24,306.0,38.0,302.0,272.0,2278.0,252.0,509.0,115.0,87.0,2300.0,713.0,127.0,136.0,1098.0,446.0,235.0,225.0,493.0,431.0,125.0,476.0,815.0,1018.0,431.0,137.0,653.0,137.0,108.0,115.0,93.0,925.0,131.0,2216.0,885.0,69.0,1288.0,307.0,267.0,1248.0,68.0,299.0,99.0,431.0,2066.0,151.0,52.0,585.0,470.0,233.0,542.0,37.0,0.0,157.0,9.0,27006.0
2022-10-01,300.0,43.0,276.0,221.0,2163.0,276.0,492.0,125.0,103.0,1760.0,599.0,124.0,117.0,905.0,378.0,228.0,172.0,375.0,353.0,140.0,406.0,867.0,999.0,442.0,116.0,586.0,126.0,124.0,140.0,127.0,1031.0,109.0,2310.0,766.0,65.0,1066.0,257.0,264.0,1299.0,90.0,282.0,77.0,381.0,1589.0,152.0,49.0,534.0,406.0,195.0,480.0,48.0,0.0,124.0,2.0,24659.0
2022-10-08,260.0,33.0,293.0,179.0,2013.0,237.0,524.0,111.0,62.0,1423.0,524.0,108.0,109.0,956.0,356.0,203.0,163.0,344.0,342.0,164.0,382.0,888.0,1001.0,463.0,89.0,500.0,96.0,124.0,125.0,132.0,1112.0,80.0,2507.0,667.0,66.0,967.0,197.0,234.0,1389.0,97.0,271.0,92.0,324.0,1473.0,129.0,46.0,591.0,389.0,189.0,560.0,44.0,0.0,122.0,2.0,23752.0
2022-10-15,242.0,35.0,264.0,131.0,1962.0,256.0,497.0,111.0,67.0,1331.0,531.0,112.0,119.0,1047.0,386.0,199.0,172.0,337.0,308.0,148.0,398.0,906.0,995.0,406.0,98.0,529.0,104.0,82.0,131.0,139.0,1174.0,111.0,2546.0,538.0,51.0,1112.0,182.0,293.0,1319.0,105.0,233.0,68.0,301.0,1207.0,148.0,58.0,503.0,328.0,164.0,586.0,27.0,0.0,87.0,1.0,23185.0
2022-10-22,240.0,20.0,345.0,125.0,1842.0,320.0,491.0,74.0,78.0,1230.0,522.0,127.0,114.0,1101.0,419.0,194.0,196.0,328.0,223.0,151.0,429.0,887.0,1025.0,487.0,75.0,526.0,122.0,101.0,156.0,165.0,1133.0,154.0,2637.0,565.0,57.0,1177.0,229.0,200.0,1274.0,74.0,220.0,65.0,342.0,1156.0,142.0,86.0,453.0,265.0,163.0,552.0,42.0,0.0,102.0,6.0,23207.0
2022-10-29,249.0,33.0,361.0,131.0,1820.0,381.0,457.0,86.0,77.0,1456.0,564.0,130.0,100.0,1152.0,473.0,198.0,241.0,315.0,258.0,109.0,409.0,748.0,1062.0,495.0,66.0,542.0,101.0,113.0,170.0,129.0,1114.0,137.0,2598.0,567.0,74.0,1254.0,237.0,240.0,1301.0,86.0,249.0,70.0,336.0,1093.0,178.0,37.0,501.0,329.0,145.0,620.0,32.0,0.0,119.0,0.0,23743.0
2022-11-05,229.0,24.0,524.0,146.0,1999.0,528.0,439.0,83.0,100.0,1416.0,532.0,102.0,86.0,1254.0,503.0,225.0,196.0,413.0,330.0,100.0,431.0,689.0,959.0,450.0,67.0,543.0,101.0,150.0,199.0,119.0,1133.0,160.0,2585.0,557.0,60.0,1331.0,206.0,199.0,1355.0,67.0,265.0,82.0,366.0,1027.0,172.0,38.0,564.0,311.0,159.0,623.0,52.0,0.0,114.0,0.0,24363.0
2022-11-12,224.0,36.0,737.0,123.0,2377.0,607.0,474.0,73.0,95.0,1443.0,564.0,103.0,102.0,1154.0,480.0,194.0,222.0,363.0,349.0,81.0,409.0,610.0,867.0,472.0,71.0,492.0,93.0,143.0,190.0,112.0,1111.0,166.0,2431.0,511.0,73.0,1145.0,222.0,265.0,1360.0,65.0,249.0,95.0,348.0,1117.0,208.0,46.0,544.0,280.0,140.0,510.0,40.0,0.0,94.0,2.0,24282.0
2022-11-19,242.0,36.0,934.0,136.0,2846.0,705.0,399.0,80.0,74.0,1421.0,461.0,90.0,129.0,1204.0,477.0,195.0,198.0,324.0,361.0,75.0,431.0,614.0,854.0,504.0,94.0,536.0,104.0,152.0,220.0,97.0,1034.0,238.0,2469.0,445.0,72.0,1193.0,190.0,252.0,1215.0,71.0,203.0,97.0,333.0,1200.0,254.0,38.0,452.0,363.0,115.0,495.0,46.0,1.0,138.0,1.0,24908.0
2022-11-26,266.0,40.0,1105.0,160.0,3669.0,824.0,412.0,110.0,75.0,1597.0,509.0,97.0,149.0,1361.0,595.0,246.0,251.0,342.0,487.0,78.0,409.0,672.0,842.0,514.0,95.0,633.0,93.0,210.0,293.0,76.0,1089.0,231.0,2505.0,498.0,88.0,1241.0,269.0,381.0,1135.0,75.0,230.0,88.0,404.0,1627.0,265.0,35.0,453.0,405.0,130.0,496.0,54.0,1.0,131.0,0.0,28041.0
2022-12-03,417.0,44.0,1198.0,237.0,4985.0,818.0,529.0,109.0,121.0,1710.0,741.0,112.0,169.0,1685.0,798.0,276.0,338.0,470.0,484.0,80.0,515.0,786.0,909.0,588.0,174.0,775.0,115.0,266.0,327.0,100.0,1354.0,256.0,3015.0,598.0,78.0,1621.0,367.0,383.0,1326.0,84.0,331.0,80.0,507.0,2213.0,317.0,33.0,619.0,485.0,165.0,628.0,64.0,1.0,174.0,1.0,34576.0
2022-12-10,440.0,53.0,1205.0,263.0,4991.0,676.0,526.0,113.0,126.0,1798.0,823.0,121.0,151.0,1706.0,863.0,320.0,366.0,425.0,531.0,96.0,581.0,852.0,1038.0,548.0,197.0,840.0,116.0,227.0,336.0,87.0,1299.0,220.0,3239.0,666.0,60.0,1675.0,415.0,355.0,1342.0,79.0,366.0,82.0,641.0,2485.0,284.0,53.0,701.0,437.0,166.0,604.0,47.0,0.0,186.0,0.0,35817.0
2022-12-17,431.0,41.0,934.0,284.0,5027.0,584.0,621.0,113.0,143.0,2212.0,961.0,115.0,161.0,1970.0,864.0,326.0,337.0,452.0,411.0,70.0,624.0,991.0,1216.0,536.0,237.0,893.0,101.0,236.0,249.0,136.0,1491.0,173.0,3609.0,857.0,78.0,1757.0,414.0,371.0,1482.0,112.0,459.0,88.0,643.0,2537.0,270.0,53.0,879.0,438.0,184.0,682.0,35.0,0.0,202.0,4.0,38094.0
2022-12-24,572.0,21.0,871.0,328.0,4977.0,571.0,656.0,110.0,170.0,2441.0,1124.0,122.0,140.0,1934.0,849.0,304.0,307.0,429.0,433.0,94.0,721.0,1108.0,1164.0,563.0,259.0,801.0,114.0,212.0,362.0,144.0,1578.0,150.0,3484.0,1074.0,82.0,1815.0,413.0,316.0,1550.0,116.0,598.0,101.0,687.0,2848.0,268.0,41.0,906.0,500.0,282.0,694.0,39.0,0.0,164.0,1.0,39608.0
2022-12-31,748.0,36.0,849.0,447.0,5452.0,508.0,820.0,171.0,179.0,3192.0,1461.0,120.0,154.0,2062.0,967.0,301.0,324.0,633.0,525.0,96.0,828.0,1457.0,1180.0,582.0,494.0,984.0,112.0,182.0,294.0,156.0,1710.0,160.0,3660.0,1708.0,61.0,1979.0,504.0,336.0,1691.0,115.0,849.0,65.0,862.0,4064.0,299.0,58.0,1282.0,489.0,362.0,680.0,24.0,0.0,200.0,7.0,46479.0
2023-01-07,744.0,36.0,696.0,453.0,4713.0,420.0,787.0,176.0,186.0,3546.0,1601.0,120.0,111.0,1813.0,732.0,291.0,281.0,543.0,701.0,89.0,787.0,1389.0,1075.0,555.0,421.0,812.0,93.0,164.0,273.0,166.0,1809.0,105.0,3731.0,1564.0,54.0,1632.0,462.0,289.0,1720.0,141.0,819.0,49.0,828.0,3846.0,263.0,40.0,1211.0,489.0,306.0,618.0,25.0,0.0,222.0,3.0,44000.0
2023-01-14,572.0,38.0,525.0,377.0,3912.0,317.0,817.0,134.0,168.0,3065.0,1201.0,121.0,117.0,1480.0,568.0,230.0,203.0,448.0,660.0,87.0,720.0,1268.0,895.0,390.0,364.0,728.0,93.0,157.0,216.0,162.0,1604.0,109.0,3173.0,1249.0,56.0,1239.0,402.0,273.0,1370.0,141.0,625.0,57.0,711.0,3400.0,187.0,37.0,977.0,423.0,261.0,517.0,29.0,0.0,241.0,6.0,37120.0
2023-01-21,499.0,50.0,443.0,271.0,3062.0,276.0,621.0,109.0,147.0,2750.0,1042.0,150.0,101.0,1228.0,502.0,208.0,216.0,413.0,514.0,102.0,608.0,980.0,690.0,382.0,273.0,568.0,71.0,123.0,196.0,113.0,1471.0,107.0,2656.0,1068.0,54.0,1054.0,400.0,235.0,1323.0,105.0,510.0,50.0,558.0,2811.0,122.0,41.0,891.0,406.0,239.0,570.0,21.0,0.0,154.0,7.0,31561.0
2023-01-28,481.0,44.0,384.0,209.0,2821.0,268.0,540.0,105.0,110.0,2495.0,917.0,91.0,89.0,1061.0,457.0,173.0,183.0,398.0,425.0,85.0,523.0,857.0,649.0,407.0,191.0,488.0,63.0,94.0,145.0,67.0,1235.0,110.0,2482.0,948.0,47.0,956.0,389.0,239.0,1325.0,102.0,423.0,70.0,491.0,2628.0,138.0,53.0,753.0,389.0,206.0,513.0,16.0,0.0,150.0,6.0,28489.0
2023-02-04,462.0,46.0,369.0,174.0,2827.0,282.0,476.0,138.0,103.0,2261.0,1007.0,92.0,84.0,965.0,391.0,161.0,214.0,419.0,427.0,93.0,442.0,771.0,606.0,356.0,170.0,490.0,76.0,68.0,129.0,99.0,1118.0,80.0,2247.0,769.0,68.0,909.0,360.0,224.0,1192.0,107.0,390.0,84.0,511.0,2166.0,109.0,47.0,696.0,371.0,210.0,508.0,17.0,0.0,124.0,9.0,26514.0
2023-02-11,506.0,45.0,377.0,169.0,3070.0,320.0,403.0,105.0,115.0,2002.0,879.0,90.0,103.0,1029.0,459.0,164.0,243.0,431.0,492.0,105.0,482.0,750.0,625.0,422.0,196.0,465.0,112.0,104.0,148.0,86.0,1173.0,79.0,1952.0,787.0,69.0,911.0,328.0,230.0,1243.0,111.0,329.0,100.0,581.0,2179.0,143.0,42.0,667.0,433.0,189.0,526.0,23.0,0.0,107.0,4.0,26703.0
2023-02-18,444.0,37.0,388.0,190.0,2981.0,352.0,387.0,138.0,60.0,1762.0,758.0,122.0,115.0,1067.0,488.0,195.0,238.0,420.0,416.0,135.0,391.0,690.0,680.0,376.0,183.0,506.0,87.0,146.0,167.0,89.0,997.0,101.0,1932.0,754.0,71.0,1032.0,295.0,280.0,1264.0,73.0,286.0,90.0,521.0,2037.0,175.0,40.0,560.0,416.0,195.0,525.0,26.0,0.0,145.0,1.0,25824.0
2023-02-25,395.0,33.0,422.0,170.0,3084.0,344.0,375.0,108.0,69.0,1711.0,641.0,95.0,108.0,1044.0,445.0,187.0,208.0,349.0,351.0,111.0,338.0,637.0,689.0,361.0,153.0,476.0,144.0,168.0,156.0,81.0,749.0,91.0,1671.0,693.0,67.0,1007.0,279.0,224.0,1186.0,63.0,282.0,89.0,463.0,1897.0,166.0,43.0,447.0,352.0,202.0,508.0,33.0,0.0,92.0,2.0,24059.0
2023-03-04,329.0,52.0,419.0,155.0,2918.0,329.0,330.0,68.0,71.0,1525.0,512.0,72.0,113.0,1080.0,414.0,237.0,246.0,305.0,346.0,131.0,306.0,628.0,722.0,359.0,115.0,504.0,115.0,197.0,137.0,100.0,594.0,109.0,1488.0,585.0,71.0,1022.0,215.0,221.0,1028.0,53.0,212.0,105.0,395.0,1827.0,193.0,41.0,435.0,411.0,177.0,436.0,18.0,0.0,78.0,1.0,22550.0
2023-03-11,238.0,27.0,424.0,129.0,2603.0,307.0,262.0,62.0,44.0,1426.0,405.0,123.0,118.0,967.0,387.0,270.0,203.0,241.0,253.0,117.0,253.0,463.0,683.0,325.0,69.0,468.0,84.0,148.0,169.0,74.0,571.0,103.0,1296.0,489.0,43.0,999.0,241.0,236.0,911.0,53.0,179.0,67.0,312.0,1626.0,166.0,31.0,361.0,355.0,147.0,413.0,20.0,0.0,71.0,4.0,20036.0
2023-03-18,222.0,37.0,380.0,114.0,2297.0,311.0,202.0,85.0,50.0,1274.0,432.0,88.0,99.0,940.0,304.0,211.0,195.0,220.0,206.0,113.0,233.0,470.0,679.0,271.0,82.0,422.0,141.0,146.0,126.0,59.0,482.0,93.0,1122.0,385.0,56.0,970.0,246.0,210.0,820.0,51.0,171.0,52.0,273.0,1420.0,153.0,30.0,296.0,311.0,137.0,431.0,17.0,0.0,60.0,2.0,18197.0
2023-03-25,259.0,42.0,403.0,130.0,1970.0,303.0,180.0,59.0,48.0,1275.0,479.0,109.0,91.0,958.0,319.0,191.0,186.0,199.0,201.0,82.0,227.0,429.0,699.0,253.0,85.0,402.0,76.0,138.0,160.0,48.0,451.0,122.0,998.0,373.0,36.0,861.0,247.0,201.0,745.0,35.0,176.0,76.0,311.0,1372.0,140.0,26.0,234.0,339.0,121.0,407.0,31.0,0.0,72.0,2.0,17377.0
2023-04-01,205.0,33.0,313.0,102.0,1898.0,265.0,169.0,61.0,45.0,1252.0,384.0,131.0,111.0,911.0,275.0,209.0,139.0,172.0,189.0,71.0,166.0,355.0,668.0,255.0,70.0,367.0,65.0,148.0,129.0,58.0,349.0,109.0,924.0,354.0,45.0,832.0,193.0,174.0,627.0,29.0,137.0,54.0,251.0,1261.0,152.0,19.0,242.0,313.0,119.0,423.0,12.0,0.0,36.0,1.0,15872.0
2023-04-08,210.0,35.0,326.0,96.0,1799.0,251.0,164.0,60.0,38.0,1200.0,299.0,96.0,87.0,729.0,266.0,195.0,103.0,201.0,166.0,60.0,153.0,363.0,572.0,217.0,68.0,353.0,66.0,97.0,124.0,45.0,304.0,111.0,797.0,272.0,32.0,706.0,171.0,140.0,529.0,31.0,153.0,39.0,227.0,1267.0,114.0,21.0,223.0,234.0,96.0,386.0,13.0,0.0,38.0,3.0,14346.0
2023-04-15,188.0,24.0,353.0,113.0,1751.0,277.0,132.0,55.0,42.0,1093.0,267.0,128.0,76.0,675.0,249.0,145.0,139.0,173.0,166.0,62.0,144.0,345.0,490.0,196.0,80.0,286.0,51.0,72.0,123.0,44.0,271.0,128.0,774.0,233.0,33.0,619.0,173.0,125.0,420.0,39.0,139.0,47.0,219.0,1310.0,117.0,19.0,174.0,213.0,84.0,398.0,8.0,0.0,51.0,0.0,13533.0
2023-04-22,164.0,24.0,339.0,99.0,1659.0,181.0,141.0,41.0,24.0,993.0,275.0,100.0,59.0,559.0,187.0,116.0,75.0,155.0,138.0,41.0,99.0,258.0,455.0,171.0,83.0,267.0,42.0,65.0,102.0,48.0,222.0,117.0,675.0,221.0,31.0,538.0,122.0,136.0,348.0,28.0,95.0,30.0,174.0,1095.0,112.0,16.0,173.0,215.0,53.0,304.0,15.0,0.0,63.0,0.0,11743.0
2023-04-29,195.0,26.0,288.0,97.0,1552.0,147.0,115.0,26.0,13.0,871.0,236.0,108.0,62.0,460.0,165.0,96.0,73.0,133.0,131.0,32.0,98.0,207.0,361.0,136.0,71.0,194.0,44.0,54.0,85.0,54.0,168.0,92.0,608.0,165.0,31.0,354.0,109.0,126.0,362.0,15.0,109.0,35.0,185.0,951.0,88.0,11.0,121.0,254.0,41.0,258.0,13.0,0.0,92.0,2.0,10320.0
2023-05-06,160.0,25.0,279.0,81.0,1302.0,170.0,104.0,23.0,20.0,917.0,287.0,113.0,45.0,429.0,191.0,71.0,72.0,109.0,125.0,40.0,92.0,237.0,360.0,143.0,46.0,203.0,42.0,21.0,94.0,44.0,190.0,81.0,611.0,189.0,25.0,399.0,99.0,104.0,295.0,16.0,95.0,45.0,171.0,890.0,73.0,9.0,117.0,215.0,56.0,211.0,15.0,0.0,84.0,5.0,9840.0
2023-05-13,137.0,28.0,264.0,128.0,1375.0,146.0,86.0,14.0,22.0,811.0,217.0,89.0,40.0,433.0,162.0,76.0,69.0,121.0,110.0,30.0,87.0,212.0,317.0,138.0,48.0,186.0,25.0,45.0,74.0,34.0,187.0,77.0,545.0,166.0,33.0,360.0,87.0,100.0,298.0,12.0,89.0,38.0,155.0,772.0,90.0,11.0,134.0,177.0,35.0,208.0,9.0,0.0,81.0,4.0,9192.0
2023-05-20,156.0,9.0,231.0,99.0,1367.0,136.0,82.0,17.0,19.0,793.0,188.0,96.0,32.0,345.0,115.0,45.0,50.0,118.0,112.0,23.0,81.0,231.0,261.0,83.0,49.0,135.0,23.0,28.0,91.0,41.0,123.0,56.0,561.0,176.0,16.0,337.0,65.0,93.0,259.0,15.0,93.0,21.0,139.0,743.0,80.0,7.0,113.0,154.0,32.0,191.0,20.0,0.0,124.0,1.0,8475.0
2023-05-27,136.0,21.0,179.0,89.0,1364.0,131.0,85.0,18.0,16.0,798.0,176.0,92.0,34.0,268.0,118.0,38.0,36.0,94.0,76.0,27.0,97.0,200.0,224.0,84.0,54.0,105.0,23.0,27.0,84.0,28.0,161.0,56.0,509.0,141.0,11.0,303.0,60.0,73.0,234.0,28.0,80.0,18.0,120.0,622.0,62.0,15.0,84.0,178.0,37.0,152.0,12.0,0.0,113.0,3.0,7794.0
2023-06-03,149.0,22.0,188.0,68.0,1229.0,106.0,99.0,12.0,16.0,860.0,167.0,92.0,30.0,276.0,70.0,27.0,39.0,71.0,124.0,18.0,81.0,207.0,201.0,62.0,45.0,111.0,15.0,34.0,88.0,27.0,191.0,34.0,526.0,156.0,12.0,267.0,46.0,75.0,248.0,19.0,83.0,12.0,101.0,599.0,77.0,10.0,117.0,144.0,30.0,157.0,22.0,0.0,122.0,4.0,7586.0
2023-06-10,160.0,35.0,183.0,60.0,1197.0,88.0,88.0,14.0,18.0,863.0,202.0,85.0,33.0,194.0,80.0,31.0,42.0,52.0,96.0,20.0,72.0,196.0,157.0,38.0,31.0,99.0,17.0,20.0,102.0,31.0,145.0,30.0,482.0,114.0,13.0,177.0,45.0,74.0,220.0,14.0,91.0,17.0,82.0,541.0,64.0,13.0,83.0,138.0,20.0,142.0,17.0,0.0,154.0,5.0,6985.0
2023-06-17,126.0,21.0,156.0,73.0,1268.0,86.0,79.0,25.0,15.0,832.0,162.0,94.0,22.0,236.0,53.0,37.0,25.0,45.0,87.0,21.0,80.0,188.0,160.0,48.0,15.0,78.0,15.0,31.0,77.0,26.0,162.0,31.0,457.0,145.0,16.0,157.0,47.0,60.0,223.0,25.0,79.0,16.0,63.0,476.0,55.0,12.0,123.0,132.0,28.0,110.0,10.0,0.0,167.0,1.0,6776.0
2023-06-24,125.0,21.0,162.0,53.0,1182.0,98.0,68.0,10.0,18.0,889.0,186.0,86.0,27.0,202.0,53.0,26.0,24.0,50.0,86.0,17.0,78.0,160.0,162.0,44.0,40.0,88.0,15.0,13.0,86.0,27.0,142.0,34.0,378.0,119.0,9.0,120.0,41.0,72.0,179.0,24.0,61.0,6.0,75.0,419.0,48.0,20.0,122.0,123.0,30.0,112.0,15.0,0.0,151.0,0.0,6396.0
2023-07-01,86.0,26.0,172.0,37.0,1169.0,74.0,83.0,14.0,16.0,941.0,181.0,107.0,29.0,185.0,57.0,21.0,32.0,51.0,82.0,6.0,143.0,134.0,141.0,39.0,38.0,82.0,21.0,16.0,76.0,31.0,136.0,29.0,459.0,150.0,4.0,134.0,39.0,67.0,201.0,16.0,77.0,12.0,71.0,495.0,45.0,7.0,118.0,171.0,27.0,81.0,12.0,0.0,169.0,1.0,6611.0
2023-07-08,118.0,25.0,167.0,29.0,1179.0,69.0,70.0,22.0,20.0,1028.0,181.0,85.0,26.0,226.0,60.0,13.0,32.0,49.0,102.0,14.0,106.0,140.0,110.0,48.0,30.0,121.0,14.0,13.0,79.0,37.0,119.0,28.0,384.0,134.0,9.0,135.0,37.0,86.0,202.0,17.0,77.0,15.0,98.0,490.0,44.0,6.0,135.0,176.0,18.0,91.0,16.0,0.0,178.0,1.0,6709.0
2023-07-15,155.0,26.0,194.0,50.0,1250.0,76.0,69.0,21.0,29.0,1128.0,224.0,122.0,22.0,156.0,67.0,43.0,38.0,59.0,130.0,20.0,86.0,144.0,112.0,52.0,48.0,84.0,27.0,24.0,61.0,27.0,134.0,31.0,434.0,170.0,10.0,144.0,38.0,102.0,235.0,12.0,89.0,8.0,87.0,666.0,47.0,11.0,111.0,148.0,24.0,102.0,12.0,0.0,168.0,1.0,7328.0
2023-07-22,168.0,19.0,158.0,49.0,1350.0,101.0,114.0,18.0,24.0,1272.0,249.0,132.0,27.0,230.0,99.0,35.0,26.0,79.0,188.0,21.0,88.0,183.0,94.0,78.0,58.0,106.0,18.0,28.0,83.0,26.0,171.0,24.0,558.0,205.0,21.0,160.0,59.0,88.0,231.0,11.0,104.0,9.0,128.0,823.0,52.0,7.0,133.0,137.0,28.0,101.0,10.0,0.0,187.0,2.0,8370.0
2023-07-29,201.0,27.0,137.0,72.0,1457.0,86.0,103.0,15.0,19.0,1564.0,396.0,140.0,26.0,244.0,110.0,38.0,36.0,89.0,225.0,26.0,128.0,210.0,121.0,59.0,78.0,124.0,29.0,27.0,86.0,54.0,220.0,32.0,634.0,230.0,10.0,223.0,54.0,82.0,283.0,11.0,117.0,14.0,168.0,843.0,53.0,10.0,151.0,156.0,36.0,108.0,13.0,0.0,132.0,1.0,9508.0
2023-08-05,264.0,20.0,154.0,88.0,1651.0,112.0,126.0,29.0,34.0,1806.0,510.0,133.0,47.0,329.0,125.0,56.0,55.0,93.0,210.0,19.0,136.0,219.0,144.0,82.0,109.0,126.0,34.0,27.0,76.0,47.0,242.0,29.0,703.0,270.0,16.0,242.0,79.0,129.0,317.0,22.0,177.0,14.0,180.0,1017.0,55.0,16.0,175.0,178.0,56.0,145.0,14.0,0.0,161.0,2.0,11100.0
2023-08-12,280.0,32.0,159.0,114.0,2004.0,136.0,162.0,28.0,38.0,1952.0,599.0,135.0,35.0,350.0,148.0,78.0,55.0,171.0,261.0,24.0,137.0,347.0,206.0,111.0,134.0,197.0,25.0,32.0,110.0,59.0,277.0,40.0,953.0,323.0,13.0,308.0,95.0,131.0,387.0,19.0,257.0,10.0,238.0,1099.0,62.0,25.0,254.0,202.0,59.0,171.0,18.0,0.0,134.0,2.0,13196.0
2023-08-19,380.0,18.0,216.0,174.0,2371.0,147.0,177.0,33.0,32.0,2146.0,770.0,133.0,59.0,485.0,217.0,109.0,64.0,192.0,306.0,23.0,216.0,349.0,279.0,110.0,178.0,242.0,43.0,46.0,143.0,35.0,317.0,47.0,1063.0,421.0,16.0,320.0,103.0,154.0,441.0,34.0,261.0,30.0,310.0,1351.0,68.0,27.0,294.0,231.0,79.0,191.0,24.0,0.0,136.0,5.0,15616.0
2023-08-26,455.0,26.0,250.0,200.0,2568.0,197.0,196.0,31.0,53.0,2539.0,1025.0,141.0,68.0,558.0,265.0,132.0,112.0,232.0,356.0,29.0,242.0,365.0,310.0,181.0,181.0,297.0,55.0,48.0,125.0,49.0,313.0,38.0,1134.0,462.0,21.0,408.0,133.0,163.0,475.0,38.0,351.0,30.0,404.0,1636.0,102.0,26.0,389.0,293.0,93.0,225.0,28.0,0.0,131.0,1.0,18180.0
2023-09-02,478.0,34.0,277.0,221.0,2743.0,248.0,199.0,29.0,81.0,2587.0,926.0,125.0,78.0,613.0,303.0,137.0,117.0,293.0,359.0,44.0,253.0,450.0,370.0,170.0,131.0,344.0,58.0,41.0,133.0,51.0,356.0,61.0,1295.0,508.0,22.0,468.0,224.0,189.0,531.0,43.0,392.0,46.0,406.0,1882.0,109.0,21.0,396.0,292.0,127.0,240.0,19.0,0.0,141.0,1.0,19662.0
2023-09-09,472.0,39.0,279.0,288.0,2783.0,267.0,196.0,45.0,70.0,2286.0,877.0,115.0,83.0,672.0,338.0,135.0,150.0,362.0,377.0,36.0,354.0,444.0,415.0,187.0,158.0,444.0,75.0,74.0,166.0,54.0,452.0,69.0,1522.0,640.0,20.0,603.0,234.0,251.0,704.0,48.0,397.0,55.0,473.0,2564.0,124.0,34.0,485.0,340.0,150.0,231.0,37.0,0.0,117.0,0.0,21791.0
2023-09-16,374.0,35.0,288.0,264.0,2696.0,293.0,215.0,45.0,65.0,2038.0,942.0,107.0,71.0,661.0,311.0,164.0,168.0,322.0,275.0,48.0,291.0,458.0,492.0,212.0,151.0,440.0,88.0,74.0,163.0,228.0,458.0,44.0,1465.0,582.0,33.0,657.0,187.0,255.0,655.0,49.0,349.0,48.0,364.0,1818.0,137.0,28.0,439.0,339.0,144.0,274.0,27.0,0.0,98.0,0.0,20429.0
2023-09-23,355.0,22.0,263.0,221.0,2528.0,301.0,275.0,69.0,79.0,1620.0,631.0,118.0,109.0,690.0,483.0,147.0,152.0,259.0,227.0,44.0,355.0,492.0,581.0,246.0,108.0,431.0,110.0,78.0,182.0,95.0,541.0,56.0,1608.0,622.0,33.0,607.0,215.0,262.0,733.0,54.0,318.0,56.0,329.0,2270.0,133.0,33.0,500.0,361.0,178.0,354.0,31.0,0.0,86.0,0.0,20651.0
2023-09-30,262.0,23.0,331.0,172.0,2128.0,307.0,273.0,67.0,63.0,1339.0,539.0,97.0,125.0,591.0,332.0,141.0,116.0,282.0,182.0,364.0,315.0,531.0,563.0,276.0,115.0,407.0,115.0,90.0,177.0,78.0,616.0,95.0,1753.0,543.0,44.0,654.0,158.0,288.0,731.0,76.0,261.0,67.0,310.0,1381.0,156.0,53.0,438.0,375.0,177.0,372.0,41.0,0.0,70.0,1.0,19061.0
2023-10-07,215.0,26.0,371.0,149.0,1950.0,357.0,232.0,62.0,49.0,1114.0,379.0,97.0,125.0,519.0,217.0,117.0,110.0,240.0,153.0,62.0,313.0,501.0,489.0,255.0,83.0,295.0,86.0,64.0,145.0,107.0,699.0,95.0,1660.0,568.0,46.0,597.0,151.0,302.0,758.0,85.0,255.0,62.0,247.0,1228.0,150.0,33.0,410.0,374.0,189.0,364.0,36.0,0.0,82.0,0.0,17273.0
2023-10-14,203.0,27.0,365.0,119.0,1735.0,410.0,240.0,60.0,80.0,1035.0,419.0,109.0,111.0,506.0,270.0,142.0,136.0,242.0,173.0,59.0,260.0,526.0,474.0,276.0,49.0,323.0,96.0,68.0,186.0,79.0,588.0,127.0,1397.0,436.0,61.0,551.0,179.0,241.0,646.0,60.0,256.0,51.0,242.0,1144.0,150.0,29.0,457.0,378.0,133.0,297.0,25.0,0.0,75.0,0.0,16301.0
2023-10-21,228.0,16.0,444.0,121.0,1823.0,425.0,210.0,45.0,80.0,925.0,420.0,103.0,108.0,601.0,343.0,163.0,186.0,253.0,127.0,55.0,281.0,453.0,499.0,296.0,70.0,308.0,100.0,86.0,168.0,71.0,536.0,114.0,1299.0,415.0,51.0,622.0,168.0,231.0,716.0,53.0,206.0,61.0,250.0,1001.0,130.0,46.0,440.0,306.0,133.0,343.0,35.0,0.0,61.0,0.0,16225.0
2023-10-28,250.0,16.0,399.0,127.0,1553.0,464.0,221.0,37.0,49.0,817.0,363.0,106.0,92.0,724.0,337.0,161.0,269.0,284.0,150.0,56.0,267.0,446.0,512.0,246.0,83.0,362.0,58.0,131.0,187.0,78.0,443.0,150.0,1257.0,434.0,50.0,699.0,183.0,223.0,760.0,42.0,200.0,66.0,261.0,1246.0,119.0,26.0,481.0,232.0,168.0,409.0,35.0,0.0,80.0,1.0,16410.0
2023-11-04,214.0,21.0,395.0,134.0,1679.0,435.0,177.0,50.0,31.0,828.0,372.0,117.0,103.0,667.0,292.0,122.0,240.0,282.0,137.0,48.0,255.0,404.0,464.0,228.0,82.0,335.0,65.0,120.0,169.0,65.0,388.0,152.0,1008.0,368.0,38.0,646.0,173.0,202.0,668.0,50.0,214.0,77.0,278.0,1070.0,147.0,34.0,374.0,241.0,153.0,333.0,31.0,0.0,81.0,1.0,15258.0
2023-11-11,245.0,31.0,513.0,160.0,1813.0,468.0,194.0,44.0,56.0,762.0,400.0,97.0,99.0,757.0,350.0,168.0,211.0,375.0,146.0,59.0,260.0,372.0,529.0,308.0,92.0,393.0,91.0,161.0,156.0,72.0,445.0,180.0,1040.0,384.0,57.0,734.0,198.0,178.0,818.0,34.0,222.0,71.0,369.0,1228.0,149.0,38.0,465.0,252.0,178.0,429.0,31.0,0.0,79.0,0.0,16961.0
2023-11-18,221.0,19.0,574.0,153.0,2017.0,510.0,299.0,50.0,35.0,726.0,381.0,84.0,80.0,892.0,414.0,192.0,230.0,381.0,154.0,58.0,311.0,402.0,689.0,386.0,83.0,460.0,94.0,146.0,178.0,58.0,437.0,209.0,1142.0,401.0,76.0,916.0,233.0,178.0,909.0,44.0,246.0,89.0,334.0,1028.0,174.0,39.0,461.0,258.0,223.0,471.0,38.0,0.0,81.0,0.0,18264.0
2023-11-25,251.0,16.0,520.0,153.0,2089.0,490.0,263.0,61.0,40.0,737.0,353.0,68.0,125.0,1027.0,509.0,220.0,201.0,419.0,156.0,72.0,334.0,542.0,832.0,363.0,113.0,545.0,92.0,179.0,162.0,74.0,488.0,181.0,1369.0,414.0,82.0,1066.0,256.0,201.0,1007.0,47.0,251.0,101.0,348.0,1098.0,202.0,48.0,509.0,223.0,281.0,503.0,50.0,0.0,96.0,0.0,19827.0
2023-12-02,287.0,21.0,525.0,216.0,2611.0,516.0,331.0,75.0,49.0,832.0,404.0,78.0,155.0,1299.0,694.0,327.0,228.0,452.0,217.0,92.0,421.0,609.0,1067.0,429.0,101.0,677.0,103.0,183.0,198.0,90.0,635.0,147.0,1549.0,464.0,86.0,1253.0,315.0,214.0,1204.0,51.0,248.0,120.0,393.0,1299.0,227.0,46.0,613.0,258.0,315.0,582.0,41.0,1.0,79.0,0.0,23427.0
2023-12-09,345.0,18.0,452.0,256.0,2577.0,450.0,330.0,74.0,40.0,914.0,455.0,87.0,170.0,1256.0,752.0,358.0,283.0,471.0,192.0,111.0,424.0,573.0,1021.0,474.0,130.0,703.0,107.0,184.0,204.0,94.0,655.0,114.0,1629.0,545.0,85.0,1286.0,396.0,199.0,1220.0,53.0,250.0,104.0,426.0,1296.0,216.0,47.0,589.0,294.0,265.0,569.0,46.0,0.0,71.0,0.0,23860.0
2023-12-16,385.0,24.0,487.0,260.0,2891.0,401.0,330.0,62.0,54.0,1197.0,527.0,75.0,167.0,1394.0,728.0,398.0,333.0,483.0,204.0,107.0,453.0,675.0,976.0,501.0,139.0,684.0,106.0,257.0,214.0,108.0,766.0,134.0,1946.0,570.0,82.0,1279.0,390.0,205.0,1097.0,84.0,279.0,117.0,482.0,1500.0,229.0,41.0,669.0,279.0,253.0,557.0,35.0,0.0,63.0,0.0,25677.0
2023-12-23,447.0,21.0,553.0,292.0,3410.0,457.0,398.0,104.0,84.0,1438.0,811.0,82.0,170.0,1523.0,850.0,403.0,304.0,552.0,323.0,102.0,467.0,893.0,1126.0,528.0,146.0,784.0,106.0,249.0,251.0,134.0,1010.0,122.0,2413.0,704.0,87.0,1471.0,419.0,205.0,1306.0,103.0,403.0,140.0,568.0,1832.0,206.0,51.0,831.0,307.0,304.0,629.0,37.0,0.0,117.0,2.0,30275.0
2023-12-30,532.0,34.0,677.0,299.0,3822.0,452.0,468.0,105.0,82.0,1862.0,969.0,89.0,199.0,1804.0,866.0,405.0,370.0,610.0,388.0,127.0,580.0,1110.0,1368.0,604.0,207.0,782.0,104.0,222.0,267.0,140.0,1468.0,132.0,3195.0,903.0,100.0,1781.0,443.0,295.0,1751.0,109.0,532.0,124.0,752.0,2017.0,239.0,58.0,1036.0,381.0,335.0,764.0,52.0,0.0,99.0,2.0,36112.0
2024-01-06,511.0,40.0,609.0,363.0,3568.0,473.0,408.0,116.0,84.0,2186.0,1005.0,104.0,199.0,1416.0,809.0,362.0,355.0,526.0,419.0,155.0,605.0,1004.0,1238.0,522.0,217.0,820.0,119.0,204.0,241.0,182.0,1403.0,106.0,3151.0,859.0,74.0,1469.0,356.0,290.0,1594.0,147.0,548.0,124.0,726.0,2208.0,257.0,67.0,997.0,432.0,344.0,703.0,38.0,0.0,160.0,1.0,34914.0
2024-01-13,472.0,37.0,551.0,292.0,3286.0,414.0,489.0,97.0,113.0,2016.0,963.0,113.0,160.0,1239.0,644.0,257.0,271.0,491.0,388.0,97.0,493.0,886.0,1014.0,467.0,234.0,732.0,109.0,155.0,224.0,124.0,1328.0,46.0,2923.0,859.0,57.0,1207.0,349.0,250.0,1388.0,117.0,467.0,86.0,556.0,1999.0,191.0,46.0,865.0,360.0,260.0,515.0,35.0,0.0,189.0,1.0,30922.0
2024-01-20,372.0,48.0,487.0,248.0,3085.0,342.0,361.0,79.0,75.0,1995.0,874.0,117.0,99.0,993.0,486.0,220.0,155.0,355.0,332.0,75.0,417.0,742.0,731.0,342.0,160.0,522.0,59.0,102.0,206.0,77.0,1020.0,66.0,2276.0,667.0,54.0,902.0,261.0,245.0,1041.0,82.0,387.0,80.0,394.0,1825.0,157.0,37.0,676.0,385.0,178.0,371.0,29.0,0.0,219.0,0.0,25508.0
2024-01-27,403.0,34.0,462.0,237.0,2552.0,265.0,337.0,68.0,63.0,2047.0,878.0,109.0,96.0,801.0,367.0,183.0,129.0,313.0,338.0,54.0,401.0,590.0,640.0,282.0,153.0,449.0,52.0,93.0,172.0,73.0,886.0,67.0,1995.0,685.0,42.0,819.0,271.0,203.0,1067.0,80.0,457.0,70.0,422.0,1958.0,136.0,46.0,633.0,373.0,139.0,320.0,19.0,0.0,195.0,0.0,23524.0
2024-02-03,325.0,53.0,373.0,196.0,2315.0,257.0,276.0,50.0,54.0,1967.0,825.0,94.0,80.0,694.0,338.0,119.0,119.0,281.0,322.0,61.0,304.0,541.0,613.0,276.0,146.0,421.0,34.0,132.0,145.0,85.0,803.0,69.0,1643.0,659.0,32.0,675.0,274.0,193.0,838.0,66.0,383.0,71.0,364.0,1997.0,126.0,40.0,584.0,345.0,122.0,338.0,23.0,0.0,148.0,0.0,21289.0
2024-02-10,345.0,55.0,366.0,207.0,1950.0,227.0,231.0,80.0,64.0,1842.0,851.0,109.0,72.0,676.0,322.0,117.0,126.0,270.0,355.0,64.0,284.0,460.0,599.0,223.0,173.0,415.0,49.0,116.0,137.0,80.0,683.0,69.0,1567.0,716.0,43.0,653.0,276.0,162.0,776.0,61.0,433.0,60.0,337.0,1890.0,115.0,28.0,597.0,335.0,98.0,333.0,26.0,0.0,153.0,1.0,20277.0
2024-02-17,445.0,41.0,306.0,187.0,1895.0,209.0,235.0,71.0,73.0,1755.0,881.0,93.0,56.0,722.0,306.0,111.0,141.0,282.0,329.0,53.0,273.0,390.0,547.0,240.0,145.0,408.0,41.0,95.0,110.0,71.0,630.0,73.0,1321.0,694.0,42.0,592.0,265.0,168.0,798.0,44.0,404.0,59.0,465.0,1729.0,98.0,28.0,587.0,284.0,111.0,316.0,16.0,0.0,154.0,0.0,19389.0
2024-02-24,445.0,28.0,283.0,192.0,1596.0,192.0,207.0,94.0,64.0,1520.0,838.0,103.0,92.0,704.0,322.0,105.0,158.0,289.0,308.0,66.0,251.0,348.0,528.0,190.0,138.0,419.0,38.0,109.0,100.0,50.0,546.0,69.0,1090.0,693.0,38.0,638.0,198.0,193.0,679.0,44.0,378.0,45.0,441.0,1508.0,86.0,27.0,583.0,247.0,104.0,279.0,12.0,0.0,97.0,0.0,17772.0
2024-03-02,348.0,19.0,238.0,184.0,1374.0,135.0,165.0,81.0,49.0,1382.0,704.0,107.0,61.0,606.0,271.0,93.0,127.0,277.0,296.0,52.0,268.0,288.0,561.0,159.0,150.0,365.0,44.0,81.0,114.0,42.0,516.0,47.0,934.0,585.0,38.0,480.0,217.0,129.0,587.0,20.0,361.0,36.0,450.0,1315.0,91.0,17.0,481.0,280.0,105.0,248.0,5.0,0.0,86.0,0.0,15669.0
2024-03-09,297.0,32.0,188.0,176.0,1216.0,121.0,170.0,55.0,56.0,1098.0,576.0,76.0,44.0,514.0,227.0,96.0,118.0,246.0,265.0,25.0,232.0,199.0,467.0,174.0,137.0,321.0,46.0,95.0,85.0,50.0,409.0,69.0,700.0,523.0,37.0,367.0,208.0,137.0,506.0,33.0,315.0,31.0,382.0,1074.0,104.0,19.0,452.0,202.0,100.0,208.0,9.0,0.0,62.0,0.0,13349.0
2024-03-16,250.0,17.0,182.0,128.0,1032.0,116.0,107.0,35.0,33.0,861.0,488.0,60.0,59.0,425.0,208.0,53.0,96.0,177.0,186.0,32.0,162.0,201.0,383.0,128.0,91.0,238.0,24.0,77.0,71.0,33.0,317.0,44.0,612.0,363.0,28.0,367.0,173.0,134.0,401.0,23.0,232.0,22.0,296.0,905.0,77.0,9.0,363.0,194.0,92.0,182.0,8.0,0.0,75.0,0.0,10870.0
2024-03-23,198.0,9.0,151.0,122.0,948.0,109.0,74.0,38.0,29.0,764.0,386.0,74.0,45.0,348.0,144.0,46.0,57.0,148.0,174.0,35.0,131.0,161.0,320.0,112.0,73.0,208.0,32.0,50.0,74.0,22.0,228.0,55.0,563.0,321.0,25.0,298.0,129.0,103.0,407.0,16.0,186.0,18.0,229.0,803.0,61.0,15.0,359.0,203.0,58.0,144.0,6.0,0.0,50.0,0.0,9359.0
2024-03-30,182.0,9.0,136.0,73.0,817.0,117.0,70.0,39.0,26.0,633.0,371.0,55.0,34.0,331.0,150.0,37.0,53.0,132.0,114.0,21.0,120.0,154.0,261.0,108.0,44.0,167.0,26.0,58.0,79.0,12.0,237.0,46.0,491.0,276.0,17.0,252.0,109.0,72.0,322.0,21.0,171.0,25.0,199.0,698.0,64.0,7.0,298.0,146.0,58.0,140.0,8.0,0.0,50.0,0.0,8136.0
2024-04-06,173.0,3.0,127.0,71.0,745.0,91.0,82.0,32.0,19.0,563.0,264.0,53.0,31.0,274.0,138.0,44.0,56.0,108.0,112.0,23.0,109.0,162.0,259.0,97.0,53.0,131.0,19.0,23.0,52.0,23.0,225.0,31.0,508.0,264.0,23.0,306.0,73.0,74.0,347.0,25.0,117.0,19.0,184.0,630.0,52.0,13.0,256.0,126.0,57.0,125.0,4.0,0.0,43.0,0.0,7439.0
2024-04-13,138.0,4.0,122.0,66.0,723.0,72.0,57.0,32.0,22.0,444.0,217.0,57.0,32.0,247.0,103.0,33.0,38.0,112.0,80.0,14.0,86.0,160.0,196.0,85.0,35.0,138.0,15.0,39.0,55.0,24.0,173.0,30.0,466.0,219.0,25.0,239.0,81.0,68.0,307.0,22.0,108.0,28.0,144.0,603.0,46.0,7.0,258.0,100.0,31.0,91.0,12.0,0.0,24.0,0.0,6528.0
2024-04-20,107.0,2.0,83.0,48.0,581.0,54.0,52.0,21.0,12.0,353.0,173.0,50.0,28.0,182.0,88.0,26.0,39.0,55.0,63.0,18.0,71.0,105.0,159.0,49.0,30.0,111.0,12.0,23.0,41.0,15.0,123.0,21.0,363.0,156.0,12.0,166.0,69.0,44.0,215.0,18.0,60.0,15.0,118.0,487.0,54.0,3.0,207.0,90.0,39.0,90.0,8.0,0.0,34.0,0.0,5043.0
