origin,destination,distance
1,2,5374.15
1,4,2335.53
1,5,600.54
1,6,2998.11
1,8,1801.87
1,9,1546.44
1,10,1226.65
1,11,1094.6
1,12,756.97
1,13,270.14
1,15,7010.26
1,16,2753.35
1,17,934.55
1,18,794.75
1,19,1136.85
1,20,1062.55
1,21,553.57
1,22,515.61
1,23,1929.73
1,24,1123.89
1,25,1699.99
1,26,1118.62
1,27,1475.83
1,28,267.75
1,29,780.05
1,30,2578.75
1,31,1297.21
1,32,2707.88
1,33,1746.91
1,34,1373.48
1,35,1816.65
1,36,1428.39
1,37,708.84
1,38,1920.01
1,39,898.23
1,40,971.95
1,41,3335.15
1,42,1201.13
1,44,1662.75
1,45,545.81
1,46,1613.57
1,47,314.63
1,48,1025.41
1,49,2383.6
1,50,1725.37
1,51,976.06
1,53,3328.89
1,54,847.21
1,55,1208.28
1,56,2071.04
1,72,2614.35
2,1,5374.15
2,4,4084.82
2,5,4860.68
2,6,3556.48
2,8,3825.95
2,9,5353.44
2,10,5402.53
2,11,5362.41
2,12,6125.69
2,13,5489.97
2,15,4534.2
2,16,2911.89
2,17,4549.8
2,18,4763.61
2,19,4248.14
2,20,4371.65
2,21,5018.61
2,22,5340.91
2,23,5274.41
2,24,5353.66
2,25,5364.88
2,26,4639.04
2,27,3948.31
2,28,5266.24
2,29,4595.55
2,30,2887.64
2,31,4092.87
2,32,3540.39
2,33,5283.81
2,34,5364.66
2,35,4225.12
2,36,5265.94
2,37,5521.56
2,38,3462.26
2,39,4922.02
2,40,4607.87
2,41,2524.69
2,42,5230.6
2,44,5404.71
2,45,5588.36
2,46,3763.03
2,47,5141.67
2,48,5020.28
2,49,3415.86
2,50,5131.75
2,51,5416.37
2,53,2334.57
2,54,5176.08
2,55,4310.58
2,56,3454.41
2,72,7847.53
4,1,2335.53
4,2,4084.82
4,5,1772.04
4,6,724.69
4,8,910.64
4,9,3532.1
4,10,3301.45
4,11,3174.65
4,12,2951.71
4,13,2593.67
4,15,4675.01
4,16,1241.74
4,17,2251.41
4,18,2397.08
4,19,1908.93
4,20,1503.86
4,21,2451.4
4,22,1945.57
4,23,3801.88
4,24,3193.15
4,25,3661.78
4,26,2628.06
4,27,2046.62
4,28,2081.98
4,29,1854.8
4,30,1491.23
4,31,1558.66
4,32,562.89
4,33,3657.97
4,34,3398.89
4,35,530.37
4,36,3389.36
4,37,2953.07
4,38,1873.93
4,39,2691.94
4,40,1399.71
4,41,1565.99
4,42,3183.82
4,44,3651.75
4,45,2850.56
4,46,1628.52
4,47,2350.38
4,48,1397.68
4,49,780.87
4,50,3556.98
4,51,3110.04
4,53,1757.01
4,54,2857.54
4,55,2287.82
4,56,1122.68
4,72,4817.78
5,1,600.54
5,2,4860.68
5,4,1772.04
5,6,2411.29
5,8,1202.97
5,9,1862.58
5,10,1585.96
5,11,1452.44
5,12,1331.19
5,13,834.98
5,15,6436.84
5,16,2163.72
5,17,778.83
5,18,791.51
5,19,750.53
5,20,491.73
5,21,728.24
5,22,514.45
5,23,2198.31
5,24,1475.59
5,25,2008.15
5,26,1124.99
5,27,1114.47
5,28,412.12
5,29,362.48
5,30,2016.12
5,31,772.45
5,32,2114.25
5,33,2029.0
5,34,1706.83
5,35,1244.11
5,36,1725.2
5,37,1183.28
5,38,1462.72
5,39,1048.03
5,40,378.44
5,41,2741.83
5,42,1500.04
5,44,1984.94
5,45,1080.79
5,46,1112.99
5,47,582.21
5,48,642.84
5,49,1783.47
5,50,1964.25
5,51,1367.71
5,53,2748.07
5,54,1142.79
5,55,1000.01
5,56,1487.72
5,72,3209.69
6,1,2998.11
6,2,3556.48
6,4,724.69
6,5,2411.29
6,8,1327.31
6,9,4054.19
6,10,3858.51
6,11,3739.33
6,12,3649.81
6,13,3245.55
6,15,4034.36
6,16,1033.3
6,17,2762.98
6,18,2938.68
6,19,2384.38
6,20,2061.14
6,21,3038.07
6,22,2644.45
6,23,4279.13
6,24,3754.18
6,25,4171.01
6,26,3116.27
6,27,2425.57
6,28,2756.02
6,29,2424.9
6,30,1421.96
6,31,2026.26
6,32,331.64
6,33,4153.35
6,34,3938.21
6,35,1189.35
6,36,3912.33
6,37,3569.79
6,38,2110.76
6,39,3231.19
6,40,2032.87
6,41,1067.1
6,42,3724.09
6,44,4169.07
6,45,3489.23
6,46,1980.13
6,47,2972.14
6,48,2108.57
6,49,847.36
6,50,4036.47
6,51,3691.42
6,53,1331.42
6,54,3425.76
6,55,2738.55
6,56,1333.32
6,72,5527.39
8,1,1801.87
8,2,3825.95
8,4,910.64
8,5,1202.97
8,6,1327.31
8,9,2726.89
8,10,2536.65
8,11,2420.51
8,12,2528.55
8,13,2018.47
8,15,5342.24
8,16,981.01
8,17,1436.11
8,18,1616.74
8,19,1057.98
8,20,767.83
8,21,1737.95
8,22,1586.41
8,23,2957.97
8,24,2433.99
8,25,2844.18
8,26,1790.3
8,27,1143.18
8,28,1601.72
8,29,1126.32
8,30,945.43
8,31,699.31
8,32,999.63
8,33,2828.14
8,34,2612.31
8,35,557.83
8,36,2585.08
8,37,2287.27
8,38,984.3
8,39,1907.1
8,40,854.74
8,41,1545.54
8,42,2398.75
8,44,2841.82
8,45,2234.59
8,46,717.97
8,47,1708.17
8,48,1195.7
8,49,584.6
8,50,2714.24
8,51,2380.55
8,53,1582.68
8,54,2110.31
8,55,1419.89
8,56,382.75
8,72,4412.26
9,1,1546.44
9,2,5353.44
9,4,3532.1
9,5,1862.58
9,6,4054.19
9,8,2726.89
9,10,330.04
9,11,454.08
9,12,1716.15
9,13,1323.32
9,15,8046.48
9,16,3430.51
9,17,1292.18
9,18,1135.38
9,19,1671.96
9,20,2028.27
9,21,1135.1
9,22,2052.39
9,23,399.84
9,24,423.84
9,25,153.62
9,26,946.65
9,27,1718.88
9,28,1779.54
9,29,1682.48
9,30,3094.94
9,31,2028.48
9,32,3725.92
9,33,218.43
9,34,175.11
9,35,3010.56
9,36,142.8
9,37,888.07
9,38,2198.0
9,39,841.44
9,40,2179.46
9,41,3992.12
9,42,362.76
9,44,122.39
9,45,1095.28
9,46,2138.24
9,47,1326.91
9,48,2479.94
9,49,3259.55
9,50,290.48
9,51,582.7
9,53,3866.13
9,54,726.17
9,55,1344.24
9,56,2801.31
9,72,2657.4
10,1,1226.65
10,2,5402.53
10,4,3301.45
10,5,1585.96
10,6,3858.51
10,8,2536.65
10,9,330.04
10,11,135.12
10,12,1397.65
10,13,996.17
10,15,7877.11
10,16,3305.54
10,17,1109.45
10,18,920.13
10,19,1502.81
10,20,1805.61
10,21,861.01
10,22,1737.4
10,23,728.97
10,24,110.37
10,25,481.76
10,26,825.8
10,27,1616.14
10,28,1467.73
10,29,1447.42
10,30,2996.47
10,31,1847.95
10,32,3534.69
10,33,545.5
10,34,155.97
10,35,2774.02
10,36,251.46
10,37,558.03
10,38,2118.94
10,39,631.11
10,40,1922.77
10,41,3880.33
10,42,172.98
10,44,439.03
10,45,765.3
10,46,2004.26
10,47,1027.82
10,48,2186.09
10,49,3090.55
10,50,576.94
10,51,253.97
10,53,3777.92
10,54,446.33
10,55,1223.46
10,56,2651.38
10,72,2505.71
11,1,1094.6
11,2,5362.41
11,4,3174.65
11,5,1452.44
11,6,3739.33
11,8,2420.51
11,9,454.08
11,10,135.12
11,12,1304.64
11,13,869.43
11,15,7762.56
11,16,3207.07
11,17,1002.5
11,18,804.59
11,19,1396.75
11,20,1682.61
11,21,729.31
11,22,1603.98
11,23,847.85
11,24,31.16
11,25,607.54
11,26,748.45
11,27,1531.91
11,28,1333.57
11,29,1322.41
11,30,2907.22
11,31,1736.49
11,32,3416.92
11,33,663.44
11,34,279.56
11,35,2646.4
11,36,351.78
11,37,443.22
11,38,2039.66
11,39,523.76
11,40,1792.07
11,41,3785.06
11,42,170.74
11,44,568.34
11,45,650.33
11,46,1906.77
11,47,892.72
11,48,2051.01
11,49,2979.33
11,50,675.07
11,51,135.0
11,53,3690.45
11,54,317.12
11,55,1137.14
11,56,2546.62
11,72,2517.17
12,1,756.97
12,2,6125.69
12,4,2951.71
12,5,1331.19
12,6,3649.81
12,8,2528.55
12,9,1716.15
12,10,1397.65
12,11,1304.64
12,13,656.69
12,15,7602.22
12,16,3494.88
12,17,1620.57
12,18,1433.9
12,19,1879.33
12,20,1811.94
12,21,1163.3
12,22,1006.48
12,23,2112.85
12,24,1334.71
12,25,1856.89
12,26,1688.67
12,27,2200.88
12,28,926.88
12,29,1536.11
12,30,3333.8
12,31,2054.13
12,32,3380.99
12,33,1934.51
12,34,1550.52
12,35,2461.27
12,36,1647.49
12,37,876.93
12,38,2665.69
12,39,1406.58
12,40,1677.46
12,41,4071.76
12,42,1466.98
12,44,1804.33
12,45,691.01
12,46,2368.96
12,47,993.02
12,48,1558.73
12,49,3102.07
12,50,1973.88
12,51,1171.4
12,53,4077.65
12,54,1226.0
12,55,1888.16
12,56,2817.6
12,72,1890.04
13,1,270.14
13,2,5489.97
13,4,2593.67
13,5,834.98
13,6,3245.55
13,8,2018.47
13,9,1323.32
13,10,996.17
13,11,869.43
13,12,656.69
13,15,7266.27
13,16,2948.93
13,17,964.46
13,18,778.47
13,19,1243.52
13,20,1259.91
13,21,508.21
13,22,776.38
13,23,1716.03
13,24,900.0
13,25,1476.55
13,26,1052.79
13,27,1550.78
13,28,537.89
13,29,936.51
13,30,2746.65
13,31,1459.95
13,32,2949.11
13,33,1531.72
13,34,1148.38
13,35,2070.82
13,36,1215.46
13,37,453.61
13,38,2027.89
13,39,788.36
13,40,1213.01
13,41,3534.67
13,42,995.66
13,44,1435.19
13,45,276.55
13,46,1753.09
13,47,349.29
13,48,1295.55
13,49,2602.89
13,50,1526.57
13,51,742.25
13,53,3511.12
13,54,668.37
13,55,1231.47
13,56,2262.58
13,72,2426.77
15,1,7010.26
15,2,4534.2
15,4,4675.01
15,5,6436.84
15,6,4034.36
15,8,5342.24
15,9,8046.48
15,10,7877.11
15,11,7762.56
15,12,7602.22
15,13,7266.27
15,16,4648.11
15,17,6770.0
15,18,6958.25
15,19,6380.09
15,20,6093.31
15,21,7071.05
15,22,6605.23
15,23,8222.03
15,24,7775.59
15,25,8149.97
15,26,7099.83
15,27,6346.22
15,28,6756.61
15,29,6457.19
15,30,5028.39
15,31,6029.75
15,32,4349.53
15,33,8119.04
15,34,7945.14
15,35,5195.45
15,36,7907.49
15,37,7603.78
15,38,5918.38
15,39,7246.25
15,40,6059.21
15,41,4136.65
15,42,7734.09
15,44,8155.47
15,45,7517.54
15,46,5912.59
15,47,7004.71
15,48,6046.34
15,49,4789.12
15,50,7988.22
15,51,7721.25
15,53,4339.65
15,54,7452.35
15,55,6704.53
15,56,5246.25
15,72,9409.16
16,1,2753.35
16,2,2911.89
16,4,1241.74
16,5,2163.72
16,6,1033.3
16,8,981.01
16,9,3430.51
16,10,3305.54
16,11,3207.07
16,12,3494.88
16,13,2948.93
16,15,4648.11
16,17,2208.06
16,18,2419.51
16,19,1816.2
16,20,1692.26
16,21,2598.41
16,22,2567.27
16,23,3577.66
16,24,3214.13
16,25,3521.67
16,26,2492.02
16,27,1712.41
16,28,2570.77
16,29,2019.01
16,30,415.67
16,31,1508.28
16,32,805.99
16,33,3483.29
16,34,3349.17
16,35,1313.51
16,36,3296.59
16,37,3158.8
16,38,1270.8
16,39,2683.81
16,40,1832.1
16,41,587.59
16,42,3147.59
16,44,3532.74
16,45,3138.89
16,46,1301.27
16,47,2617.85
16,48,2156.48
16,49,504.86
16,50,3347.61
16,51,3195.04
16,53,605.75
16,54,2919.22
16,55,2090.26
16,56,686.81
16,72,5367.26
17,1,934.55
17,2,4549.8
17,4,2251.41
17,5,778.83
17,6,2762.98
17,8,1436.11
17,9,1292.18
17,10,1109.45
17,11,1002.5
17,12,1620.57
17,13,964.46
17,15,6770.0
17,16,2208.06
17,18,221.19
17,19,394.25
17,20,754.83
17,21,469.84
17,22,1214.07
17,23,1551.73
17,24,1011.97
17,25,1414.48
17,26,384.6
17,27,602.36
17,28,978.31
17,29,459.89
17,30,1925.67
17,31,740.59
17,32,2435.71
17,33,1406.87
17,34,1176.83
17,35,1739.49
17,36,1149.9
17,37,993.28
17,38,1106.2
17,39,479.23
17,40,973.76
17,41,2789.43
17,42,964.33
17,44,1408.74
17,45,1038.84
17,46,912.82
17,47,636.47
17,48,1408.74
17,49,1981.73
17,50,1307.09
17,51,987.43
17,53,2709.81
17,54,711.87
17,55,273.84
17,56,1544.12
17,72,3310.96
18,1,794.75
18,2,4763.61
18,4,2397.08
18,5,791.51
18,6,2938.68
18,8,1616.74
18,9,1135.38
18,10,920.13
18,11,804.59
18,12,1433.9
18,13,778.47
18,15,6958.25
18,16,2419.51
18,17,221.19
18,19,603.46
18,20,893.7
18,21,270.61
18,22,1152.95
18,23,1431.91
18,24,817.35
18,25,1268.51
18,26,347.24
18,27,819.88
18,28,893.23
18,29,549.44
18,30,2144.29
18,31,932.82
18,32,2614.57
18,33,1273.52
18,34,1004.03
18,35,1875.26
18,36,992.78
18,37,772.3
18,38,1326.46
18,39,295.15
18,40,1058.71
18,41,3002.79
18,42,788.82
18,44,1255.7
18,45,825.57
18,46,1129.6
18,47,481.29
18,48,1434.32
18,49,2175.19
18,50,1191.21
18,51,776.92
18,53,2928.06
18,54,501.38
18,55,460.12
18,56,1749.3
18,72,3092.56
19,1,1136.85
19,2,4248.14
19,4,1908.93
19,5,750.53
19,6,2384.38
19,8,1057.98
19,9,1671.96
19,10,1502.81
19,11,1396.75
19,12,1879.33
19,13,1243.52
19,15,6380.09
19,16,1816.2
19,17,394.25
19,18,603.46
19,20,479.66
19,21,805.25
19,22,1259.04
19,23,1902.75
19,24,1406.1
19,25,1786.65
19,26,732.34
19,27,364.6
19,28,1086.25
19,29,395.95
19,30,1546.79
19,31,358.94
19,32,2055.01
19,33,1770.28
19,34,1565.05
19,35,1417.04
19,36,1530.99
19,37,1359.02
19,38,786.43
19,39,873.37
19,40,778.39
19,41,2399.35
19,42,1354.56
19,44,1785.47
19,45,1373.25
19,46,530.79
19,47,894.39
19,48,1285.83
19,49,1590.98
19,50,1658.36
19,51,1379.06
19,53,2328.92
19,54,1103.21
19,55,382.71
19,56,1149.87
19,72,3649.28
20,1,1062.55
20,2,4371.65
20,4,1503.86
20,5,491.73
20,6,2061.14
20,8,767.83
20,9,2028.27
20,10,1805.61
20,11,1682.61
20,12,1811.94
20,13,1259.91
20,15,6093.31
20,16,1692.26
20,17,754.83
20,18,893.7
20,19,479.66
20,21,977.8
20,22,977.1
20,23,2305.56
20,24,1699.07
20,25,2158.34
20,26,1138.01
20,27,783.23
20,28,903.05
20,29,363.89
20,30,1525.76
20,31,307.07
20,32,1743.94
20,33,2156.81
20,34,1897.08
20,35,985.88
20,36,1885.52
20,37,1520.86
20,38,1016.5
20,39,1188.79
20,40,322.38
20,41,2276.28
20,42,1681.83
20,44,2147.89
20,45,1467.71
20,46,647.89
20,47,941.23
20,48,847.02
20,49,1350.91
20,50,2061.2
20,51,1630.47
20,53,2266.74
20,54,1367.02
20,55,850.0
20,56,1008.56
20,72,3675.19
21,1,553.57
21,2,5018.61
21,4,2451.4
21,5,728.24
21,6,3038.07
21,8,1737.95
21,9,1135.1
21,10,861.01
21,11,729.31
21,12,1163.3
21,13,508.21
21,15,7071.05
21,16,2598.41
21,17,469.84
21,18,270.61
21,19,805.25
21,20,977.8
21,22,978.62
21,23,1481.3
21,24,750.82
21,25,1282.04
21,26,566.54
21,27,1070.3
21,28,704.47
21,29,614.03
21,30,2349.64
21,31,1091.04
21,32,2721.74
21,33,1307.49
21,34,978.65
21,35,1921.78
21,36,999.04
21,37,560.39
21,38,1567.1
21,39,359.22
21,40,1063.02
21,41,3185.37
21,42,772.35
21,44,1257.38
21,45,572.76
21,46,1335.05
21,47,243.98
21,48,1348.77
21,49,2313.53
21,50,1254.41
21,51,658.75
21,53,3129.33
21,54,415.49
21,55,727.96
21,56,1916.66
21,72,2849.72
22,1,515.61
22,2,5340.91
22,4,1945.57
22,5,514.45
22,6,2644.45
22,8,1586.41
22,9,2052.39
22,10,1737.4
22,11,1603.98
22,12,1006.48
22,13,776.38
22,15,6605.23
22,16,2567.27
22,17,1214.07
22,18,1152.95
22,19,1259.04
22,20,977.1
22,21,978.62
22,23,2428.18
22,24,1632.56
22,25,2205.44
22,26,1499.87
22,27,1623.63
22,28,276.5
22,29,864.06
22,30,2469.58
22,31,1274.86
22,32,2381.32
22,33,2247.24
22,34,1881.25
22,35,1457.41
22,36,1929.35
22,37,1223.9
22,38,1974.23
22,39,1337.68
22,40,741.51
22,41,3126.99
22,42,1699.89
22,44,2170.52
22,45,1051.88
22,46,1617.95
22,47,744.43
22,48,560.21
22,49,2137.63
22,50,2214.51
22,51,1489.0
22,53,3166.59
22,54,1337.77
22,55,1466.1
22,56,1917.76
22,72,2885.94
23,1,1929.73
23,2,5274.41
23,4,3801.88
23,5,2198.31
23,6,4279.13
23,8,2957.97
23,9,399.84
23,10,728.97
23,11,847.85
23,12,2112.85
23,13,1716.03
23,15,8222.03
23,16,3577.66
23,17,1551.73
23,18,1431.91
23,19,1902.75
23,20,2305.56
23,21,1481.3
23,22,2428.18
23,24,816.93
23,25,256.46
23,26,1174.27
23,27,1877.78
23,28,2152.91
23,29,1979.35
23,30,3215.4
23,31,2261.17
23,32,3947.97
23,33,184.42
23,34,573.09
23,35,3291.06
23,36,501.74
23,37,1286.61
23,38,2314.16
23,39,1152.11
23,40,2490.52
23,41,4117.87
23,42,728.98
23,44,311.45
23,45,1494.07
23,46,2317.72
23,47,1691.3
23,48,2829.39
23,49,3459.96
23,50,244.92
23,51,979.54
23,53,3965.03
23,54,1090.79
23,55,1540.58
23,56,2985.66
23,72,2910.11
24,1,1123.89
24,2,5353.66
24,4,3193.15
24,5,1475.59
24,6,3754.18
24,8,2433.99
24,9,423.84
24,10,110.37
24,11,31.16
24,12,1334.71
24,13,900.0
24,15,7775.59
24,16,3214.13
24,17,1011.97
24,18,817.35
24,19,1406.1
24,20,1699.07
24,21,750.82
24,22,1632.56
24,23,816.93
24,25,577.39
24,26,747.8
24,27,1534.1
24,28,1361.65
24,29,1339.83
24,30,2911.29
24,31,1747.98
24,32,3431.15
24,33,632.52
24,34,249.71
24,35,2665.34
24,36,320.62
24,37,474.34
24,38,2040.58
24,39,532.75
24,40,1812.9
24,41,3791.12
24,42,146.14
24,44,538.87
24,45,681.48
24,46,1913.29
24,47,918.63
24,48,2076.75
24,49,2990.9
24,50,644.1
24,51,165.99
24,53,3694.06
24,54,336.6
24,55,1139.72
24,56,2555.76
24,72,2531.4
25,1,1699.99
25,2,5364.88
25,4,3661.78
25,5,2008.15
25,6,4171.01
25,8,2844.18
25,9,153.62
25,10,481.76
25,11,607.54
25,12,1856.89
25,13,1476.55
25,15,8149.97
25,16,3521.67
25,17,1414.48
25,18,1268.51
25,19,1786.65
25,20,2158.34
25,21,1282.04
25,22,2205.44
25,23,256.46
25,24,577.39
25,26,1055.54
25,27,1809.64
25,28,1932.27
25,29,1817.51
25,30,3176.51
25,31,2144.9
25,32,3841.59
25,33,97.84
25,34,328.18
25,35,3142.83
25,36,283.03
25,37,1039.23
25,38,2275.85
25,39,977.21
25,40,2319.2
25,41,4076.76
25,42,511.34
25,44,58.25
25,45,1246.04
25,46,2237.6
25,47,1478.02
25,48,2628.95
25,49,3367.93
25,50,236.07
25,51,735.27
25,53,3941.41
25,54,876.34
25,55,1445.75
25,56,2903.81
25,72,2712.3
26,1,1118.62
26,2,4639.04
26,4,2628.06
26,5,1124.99
26,6,3116.27
26,8,1790.3
26,9,946.65
26,10,825.8
26,11,748.45
26,12,1688.67
26,13,1052.79
26,15,7099.83
26,16,2492.02
26,17,384.6
26,18,347.24
26,19,732.34
26,20,1138.01
26,21,566.54
26,22,1499.87
26,23,1174.27
26,24,747.8
26,25,1055.54
26,27,790.98
26,28,1237.9
26,29,837.47
26,30,2172.63
26,31,1091.21
26,32,2786.45
26,33,1038.01
26,34,857.23
26,35,2120.6
26,36,808.44
26,37,904.25
26,38,1293.59
26,39,294.64
26,40,1354.26
26,41,3061.32
26,42,660.05
26,44,1056.84
26,45,1023.26
26,46,1194.13
26,47,804.95
26,48,1766.14
26,49,2313.71
26,50,929.37
26,51,781.02
26,53,2952.88
26,54,539.66
26,55,401.87
26,56,1854.96
26,72,3212.52
27,1,1475.83
27,2,3948.31
27,4,2046.62
27,5,1114.47
27,6,2425.57
27,8,1143.18
27,9,1718.88
27,10,1616.14
27,11,1531.91
27,12,2200.88
27,13,1550.78
27,15,6346.22
27,16,1712.41
27,17,602.36
27,18,819.88
27,19,364.6
27,20,783.23
27,21,1070.3
27,22,1623.63
27,23,1877.78
27,24,1534.1
27,25,1809.64
27,26,790.98
27,28,1445.74
27,29,760.14
27,30,1382.03
27,31,537.36
27,32,2094.33
27,33,1773.78
27,34,1644.9
27,35,1601.61
27,36,1586.54
27,37,1589.9
27,38,512.12
27,39,1024.42
27,40,1102.5
27,41,2274.32
27,42,1451.0
27,44,1820.33
27,45,1641.07
27,46,445.72
27,47,1207.86
27,48,1623.17
27,49,1590.35
27,50,1642.09
27,51,1545.15
27,53,2161.94
27,54,1277.71
27,55,394.95
27,56,1109.96
27,72,3912.42
28,1,267.75
28,2,5266.24
28,4,2081.98
28,5,412.12
28,6,2756.02
28,8,1601.72
28,9,1779.54
28,10,1467.73
28,11,1333.57
28,12,926.88
28,13,537.89
28,15,6756.61
28,16,2570.77
28,17,978.31
28,18,893.23
28,19,1086.25
28,20,903.05
28,21,704.47
28,22,276.5
28,23,2152.91
28,24,1361.65
28,25,1932.27
28,26,1237.9
28,27,1445.74
28,29,695.37
28,30,2428.18
28,31,1173.52
28,32,2473.5
28,33,1972.47
28,34,1609.45
28,35,1569.19
28,36,1654.97
28,37,969.48
28,38,1843.58
28,39,1063.67
28,40,751.56
28,41,3145.63
28,42,1425.21
28,44,1898.42
28,45,813.2
28,46,1508.35
28,47,468.12
28,48,757.68
28,49,2175.93
28,50,1938.22
28,51,1222.01
28,53,3158.25
28,54,1062.2
28,55,1241.9
28,56,1898.15
28,72,2813.89
29,1,780.05
29,2,4595.55
29,4,1854.8
29,5,362.48
29,6,2424.9
29,8,1126.32
29,9,1682.48
29,10,1447.42
29,11,1322.41
29,12,1536.11
29,13,936.51
29,15,6457.19
29,16,2019.01
29,17,459.89
29,18,549.44
29,19,395.95
29,20,363.89
29,21,614.03
29,22,864.06
29,23,1979.35
29,24,1339.83
29,25,1817.51
29,26,837.47
29,27,760.14
29,28,695.37
29,30,1810.89
29,31,523.89
29,32,2107.77
29,33,1822.79
29,34,1544.76
29,35,1329.44
29,36,1540.25
29,37,1161.28
29,38,1151.59
29,39,841.12
29,40,517.11
29,41,2606.24
29,42,1329.97
29,44,1803.47
29,45,1121.19
29,46,833.59
29,47,598.96
29,48,958.16
29,49,1705.77
29,50,1737.21
29,51,1267.17
29,53,2575.03
29,54,1005.89
29,55,647.27
29,56,1332.31
29,72,3363.24
30,1,2578.75
30,2,2887.64
30,4,1491.23
30,5,2016.12
30,6,1421.96
30,8,945.43
30,9,3094.94
30,10,2996.47
30,11,2907.22
30,12,3333.8
30,13,2746.65
30,15,5028.39
30,16,415.67
30,17,1925.67
30,18,2144.29
30,19,1546.79
30,20,1525.76
30,21,2349.64
30,22,2469.58
30,23,3215.4
30,24,2911.29
30,25,3176.51
30,26,2172.63
30,27,1382.03
30,28,2428.18
30,29,1810.89
30,31,1286.99
30,32,1156.39
30,33,3131.8
30,34,3026.62
30,35,1416.03
30,36,2965.48
30,37,2905.76
30,38,902.02
30,39,2389.48
30,40,1729.57
30,41,902.47
30,42,2832.64
30,44,3191.74
30,45,2909.95
30,46,1016.1
30,47,2403.36
30,48,2134.13
30,49,711.43
30,50,2991.48
30,51,2908.73
30,53,784.36
30,54,2634.94
30,55,1773.01
30,56,567.53
30,72,5173.06
31,1,1297.21
31,2,4092.87
31,4,1558.66
31,5,772.45
31,6,2026.26
31,8,699.31
31,9,2028.48
31,10,1847.95
31,11,1736.49
31,12,2054.13
31,13,1459.95
31,15,6029.75
31,16,1508.28
31,17,740.59
31,18,932.82
31,19,358.94
31,20,307.07
31,21,1091.04
31,22,1274.86
31,23,2261.17
31,24,1747.98
31,25,2144.9
31,26,1091.21
31,27,537.36
31,28,1173.52
31,29,523.89
31,30,1286.99
31,32,1697.48
31,33,2129.19
31,34,1917.26
31,35,1082.3
31,36,1886.98
31,37,1651.23
31,38,709.43
31,39,1216.84
31,40,619.88
31,41,2095.71
31,42,1704.92
31,44,2142.88
31,45,1633.52
31,46,343.3
31,47,1118.7
31,48,1141.99
31,49,1242.92
31,50,2016.95
31,51,1707.48
31,53,2053.58
31,54,1433.1
31,55,730.08
31,56,825.67
31,72,3886.67
32,1,2707.88
32,2,3540.39
32,4,562.89
32,5,2114.25
32,6,331.64
32,8,999.63
32,9,3725.92
32,10,3534.69
32,11,3416.92
32,12,3380.99
32,13,2949.11
32,15,4349.53
32,16,805.99
32,17,2435.71
32,18,2614.57
32,19,2055.01
32,20,1743.94
32,21,2721.74
32,22,2381.32
32,23,3947.97
32,24,3431.15
32,25,3841.59
32,26,2786.45
32,27,2094.33
32,28,2473.5
32,29,2107.77
32,30,1156.39
32,31,1697.48
32,33,3823.05
32,34,3611.89
32,35,927.48
32,36,3584.3
32,37,3259.49
32,38,1789.2
32,39,2906.04
32,40,1737.1
32,41,1015.77
32,42,3398.2
32,44,3840.28
32,45,3186.49
32,46,1649.03
32,47,2665.52
32,48,1863.89
32,49,524.75
32,50,3705.49
32,51,3372.16
32,53,1232.48
32,54,3104.62
32,55,2407.4
32,56,1007.05
32,72,5267.02
33,1,1746.91
33,2,5283.81
33,4,3657.97
33,5,2029.0
33,6,4153.35
33,8,2828.14
33,9,218.43
33,10,545.5
33,11,663.44
33,12,1934.51
33,13,1531.72
33,15,8119.04
33,16,3483.29
33,17,1406.87
33,18,1273.52
33,19,1770.28
33,20,2156.81
33,21,1307.49
33,22,2247.24
33,23,184.42
33,24,632.52
33,25,97.84
33,26,1038.01
33,27,1773.78
33,28,1972.47
33,29,1822.79
33,30,3131.8
33,31,2129.19
33,32,3823.05
33,34,389.53
33,35,3142.58
33,36,318.52
33,37,1102.66
33,38,2229.99
33,39,987.51
33,40,2329.94
33,41,4033.39
33,42,547.35
33,44,155.12
33,45,1310.18
33,46,2207.11
33,47,1512.82
33,48,2656.26
33,49,3343.24
33,50,153.01
33,51,795.29
33,53,3891.99
33,54,911.11
33,55,1419.49
33,56,2874.74
33,72,2809.51
34,1,1373.48
34,2,5364.66
34,4,3398.89
34,5,1706.83
34,6,3938.21
34,8,2612.31
34,9,175.11
34,10,155.97
34,11,279.56
34,12,1550.52
34,13,1148.38
34,15,7945.14
34,16,3349.17
34,17,1176.83
34,18,1004.03
34,19,1565.05
34,20,1897.08
34,21,978.65
34,22,1881.25
34,23,573.09
34,24,249.71
34,25,328.18
34,26,857.23
34,27,1644.9
34,28,1609.45
34,29,1544.76
34,30,3026.62
34,31,1917.26
34,32,3611.89
34,33,389.53
34,35,2874.18
34,36,115.9
34,37,713.62
34,38,2137.78
34,39,709.09
34,40,2032.92
34,41,3918.03
34,42,215.25
34,44,289.37
34,45,921.02
34,46,2050.12
34,47,1161.16
34,48,2317.39
34,49,3156.02
34,50,428.59
34,51,407.62
34,53,3803.98
34,54,564.79
34,55,1259.09
34,56,2706.63
34,72,2584.83
35,1,1816.65
35,2,4225.12
35,4,530.37
35,5,1244.11
35,6,1189.35
35,8,557.83
35,9,3010.56
35,10,2774.02
35,11,2646.4
35,12,2461.27
35,13,2070.82
35,15,5195.45
35,16,1313.51
35,17,1739.49
35,18,1875.26
35,19,1417.04
35,20,985.88
35,21,1921.78
35,22,1457.41
35,23,3291.06
35,24,2665.34
35,25,3142.83
35,26,2120.6
35,27,1601.61
35,28,1569.19
35,29,1329.44
35,30,1416.03
35,31,1082.3
35,32,927.48
35,33,3142.58
35,34,2874.18
35,36,2868.01
35,37,2423.44
35,38,1529.41
35,39,2169.3
35,40,869.93
35,41,1787.27
35,42,2659.42
35,44,3130.95
35,45,2324.25
35,46,1222.5
35,47,1820.77
35,48,937.51
35,49,811.83
35,50,3046.53
35,51,2580.24
35,53,1906.05
35,54,2329.3
35,55,1799.59
35,56,902.02
35,72,4343.03
36,1,1428.39
36,2,5265.94
36,4,3389.36
36,5,1725.2
36,6,3912.33
36,8,2585.08
36,9,142.8
36,10,251.46
36,11,351.78
36,12,1647.49
36,13,1215.46
36,15,7907.49
36,16,3296.59
36,17,1149.9
36,18,992.78
36,19,1530.99
36,20,1885.52
36,21,999.04
36,22,1929.35
36,23,501.74
36,24,320.62
36,25,283.03
36,26,808.44
36,27,1586.54
36,28,1654.97
36,29,1540.25
36,30,2965.48
36,31,1886.98
36,32,3584.3
36,33,318.52
36,34,115.9
36,35,2868.01
36,37,794.87
36,38,2071.25
36,39,699.13
36,40,2038.64
36,41,3860.78
36,42,230.09
36,44,263.25
36,45,1002.1
36,46,2001.79
36,47,1197.46
36,48,2346.34
36,49,3119.68
36,50,326.41
36,51,486.28
36,53,3739.31
36,54,595.29
36,55,1207.92
36,56,2663.37
36,72,2697.92
37,1,708.84
37,2,5521.56
37,4,2953.07
37,5,1183.28
37,6,3569.79
37,8,2287.27
37,9,888.07
37,10,558.03
37,11,443.22
37,12,876.93
37,13,453.61
37,15,7603.78
37,16,3158.8
37,17,993.28
37,18,772.3
37,19,1359.02
37,20,1520.86
37,21,560.39
37,22,1223.9
37,23,1286.61
37,24,474.34
37,25,1039.23
37,26,904.25
37,27,1589.9
37,28,969.48
37,29,1161.28
37,30,2905.76
37,31,1651.23
37,32,3259.49
37,33,1102.66
37,34,713.62
37,35,2423.44
37,36,794.87
37,38,2098.47
37,39,610.24
37,40,1553.52
37,41,3745.74
37,42,595.42
37,44,994.21
37,45,207.57
37,46,1889.81
37,47,602.7
37,48,1719.97
37,49,2866.87
37,50,1117.88
37,51,308.62
37,53,3687.1
37,54,376.15
37,55,1212.32
37,56,2476.71
37,72,2326.91
38,1,1920.01
38,2,3462.26
38,4,1873.93
38,5,1462.72
38,6,2110.76
38,8,984.3
38,9,2198.0
38,10,2118.94
38,11,2039.66
38,12,2665.69
38,13,2027.89
38,15,5918.38
38,16,1270.8
38,17,1106.2
38,18,1326.46
38,19,786.43
38,20,1016.5
38,21,1567.1
38,22,1974.23
38,23,2314.16
38,24,2040.58
38,25,2275.85
38,26,1293.59
38,27,512.12
38,28,1843.58
38,29,1151.59
38,30,902.02
38,31,709.43
38,32,1789.2
38,33,2229.99
38,34,2137.78
38,35,1529.41
38,36,2071.25
38,37,2098.47
38,39,1536.17
38,40,1323.62
38,41,1804.27
38,42,1951.03
38,44,2292.36
38,45,2139.86
38,46,375.46
38,47,1679.42
38,48,1837.9
38,49,1264.78
38,50,2089.46
38,51,2056.52
38,53,1668.22
38,54,1789.79
38,55,905.33
38,56,786.35
38,72,4415.93
39,1,898.23
39,2,4922.02
39,4,2691.94
39,5,1048.03
39,6,3231.19
39,8,1907.1
39,9,841.44
39,10,631.11
39,11,523.76
39,12,1406.58
39,13,788.36
39,15,7246.25
39,16,2683.81
39,17,479.23
39,18,295.15
39,19,873.37
39,20,1188.79
39,21,359.22
39,22,1337.68
39,23,1152.11
39,24,532.75
39,25,977.21
39,26,294.64
39,27,1024.42
39,28,1063.67
39,29,841.12
39,30,2389.48
39,31,1216.84
39,32,2906.04
39,33,987.51
39,34,709.09
39,35,2169.3
39,36,699.13
39,37,610.24
39,38,1536.17
39,40,1342.94
39,41,3262.86
39,42,493.98
39,44,962.34
39,45,731.79
39,46,1384.34
39,47,599.91
39,48,1684.87
39,49,2459.46
39,50,916.29
39,51,521.11
39,53,3173.58
39,54,256.0
39,55,631.43
39,56,2023.11
39,72,2926.23
40,1,971.95
40,2,4607.87
40,4,1399.71
40,5,378.44
40,6,2032.87
40,8,854.74
40,9,2179.46
40,10,1922.77
40,11,1792.07
40,12,1677.46
40,13,1213.01
40,15,6059.21
40,16,1832.1
40,17,973.76
40,18,1058.71
40,19,778.39
40,20,322.38
40,21,1063.02
40,22,741.51
40,23,2490.52
40,24,1812.9
40,25,2319.2
40,26,1354.26
40,27,1102.5
40,28,751.56
40,29,517.11
40,30,1729.57
40,31,619.88
40,32,1737.1
40,33,2329.94
40,34,2032.92
40,35,869.93
40,36,2038.64
40,37,1553.52
40,38,1323.62
40,39,1342.94
40,41,2400.27
40,42,1820.69
40,44,2301.46
40,45,1458.37
40,46,949.35
40,47,950.84
40,48,524.76
40,49,1424.62
40,50,2249.84
40,51,1718.2
40,53,2428.07
40,54,1476.44
40,55,1123.92
40,56,1176.3
40,72,3565.45
41,1,3335.15
41,2,2524.69
41,4,1565.99
41,5,2741.83
41,6,1067.1
41,8,1545.54
41,9,3992.12
41,10,3880.33
41,11,3785.06
41,12,4071.76
41,13,3534.67
41,15,4136.65
41,16,587.59
41,17,2789.43
41,18,3002.79
41,19,2399.35
41,20,2276.28
41,21,3185.37
41,22,3126.99
41,23,4117.87
41,24,3791.12
41,25,4076.76
41,26,3061.32
41,27,2274.32
41,28,3145.63
41,29,2606.24
41,30,902.47
41,31,2095.71
41,32,1015.77
41,33,4033.39
41,34,3918.03
41,35,1787.27
41,36,3860.78
41,37,3745.74
41,38,1804.27
41,39,3262.86
41,40,2400.27
41,42,3719.79
41,44,4090.83
41,45,3726.41
41,46,1878.52
41,47,3204.96
41,48,2685.0
41,49,997.5
41,50,3893.65
41,51,3776.86
41,53,296.11
41,54,3501.23
41,55,2659.71
41,56,1273.94
41,72,5949.49
42,1,1201.13
42,2,5230.6
42,4,3183.82
42,5,1500.04
42,6,3724.09
42,8,2398.75
42,9,362.76
42,10,172.98
42,11,170.74
42,12,1466.98
42,13,995.66
42,15,7734.09
42,16,3147.59
42,17,964.33
42,18,788.82
42,19,1354.56
42,20,1681.83
42,21,772.35
42,22,1699.89
42,23,728.98
42,24,146.14
42,25,511.34
42,26,660.05
42,27,1451.0
42,28,1425.21
42,29,1329.97
42,30,2832.64
42,31,1704.92
42,32,3398.2
42,33,547.35
42,34,215.25
42,35,2659.42
42,36,230.09
42,37,595.42
42,38,1951.03
42,39,493.98
42,40,1820.69
42,41,3719.79
42,44,485.02
42,45,798.87
42,46,1846.85
42,47,967.43
42,48,2117.77
42,49,2945.25
42,50,531.08
42,51,296.83
42,53,3612.83
42,54,365.3
42,55,1060.43
42,56,2499.44
42,72,2668.28
44,1,1662.75
44,2,5404.71
44,4,3651.75
44,5,1984.94
44,6,4169.07
44,8,2841.82
44,9,122.39
44,10,439.03
44,11,568.34
44,12,1804.33
44,13,1435.19
44,15,8155.47
44,16,3532.74
44,17,1408.74
44,18,1255.7
44,19,1785.47
44,20,2147.89
44,21,1257.38
44,22,2170.52
44,23,311.45
44,24,538.87
44,25,58.25
44,26,1056.84
44,27,1820.33
44,28,1898.42
44,29,1803.47
44,30,3191.74
44,31,2142.88
44,32,3840.28
44,33,155.12
44,34,289.37
44,35,3130.95
44,36,263.25
44,37,994.21
44,38,2292.36
44,39,962.34
44,40,2301.46
44,41,4090.83
44,42,485.02
44,45,1200.33
44,46,2244.5
44,47,1447.69
44,48,2601.65
44,49,3370.55
44,50,284.16
44,51,692.98
44,53,3959.41
44,54,847.72
44,55,1451.16
44,56,2909.36
44,72,2657.55
45,1,545.81
45,2,5588.36
45,4,2850.56
45,5,1080.79
45,6,3489.23
45,8,2234.59
45,9,1095.28
45,10,765.3
45,11,650.33
45,12,691.01
45,13,276.55
45,15,7517.54
45,16,3138.89
45,17,1038.84
45,18,825.57
45,19,1373.25
45,20,1467.71
45,21,572.76
45,22,1051.88
45,23,1494.07
45,24,681.48
45,25,1246.04
45,26,1023.26
45,27,1641.07
45,28,813.2
45,29,1121.19
45,30,2909.95
45,31,1633.52
45,32,3186.49
45,33,1310.18
45,34,921.02
45,35,2324.25
45,36,1002.1
45,37,207.57
45,38,2139.86
45,39,731.79
45,40,1458.37
45,41,3726.41
45,42,798.87
45,44,1200.33
45,46,1899.77
45,47,526.5
45,48,1570.72
45,49,2818.48
45,50,1324.3
45,51,516.02
45,53,3685.02
45,54,535.22
45,55,1283.52
45,56,2452.66
45,72,2277.39
46,1,1613.57
46,2,3763.03
46,4,1628.52
46,5,1112.99
46,6,1980.13
46,8,717.97
46,9,2138.24
46,10,2004.26
46,11,1906.77
46,12,2368.96
46,13,1753.09
46,15,5912.59
46,16,1301.27
46,17,912.82
46,18,1129.6
46,19,530.79
46,20,647.89
46,21,1335.05
46,22,1617.95
46,23,2317.72
46,24,1913.29
46,25,2237.6
46,26,1194.13
46,27,445.72
46,28,1508.35
46,29,833.59
46,30,1016.1
46,31,343.3
46,32,1649.03
46,33,2207.11
46,34,2050.12
46,35,1222.5
46,36,2001.79
46,37,1889.81
46,38,375.46
46,39,1384.34
46,40,949.35
46,41,1878.52
46,42,1846.85
46,44,2244.5
46,45,1899.77
46,47,1405.02
46,48,1462.43
46,49,1145.19
46,50,2079.51
46,51,1899.58
46,53,1798.91
46,54,1624.41
46,55,794.02
46,56,668.1
46,72,4172.03
47,1,314.63
47,2,5141.67
47,4,2350.38
47,5,582.21
47,6,2972.14
47,8,1708.17
47,9,1326.91
47,10,1027.82
47,11,892.72
47,12,993.02
47,13,349.29
47,15,7004.71
47,16,2617.85
47,17,636.47
47,18,481.29
47,19,894.39
47,20,941.23
47,21,243.98
47,22,744.43
47,23,1691.3
47,24,918.63
47,25,1478.02
47,26,804.95
47,27,1207.86
47,28,468.12
47,29,598.96
47,30,2403.36
47,31,1118.7
47,32,2665.52
47,33,1512.82
47,34,1161.16
47,35,1820.77
47,36,1197.46
47,37,602.7
47,38,1679.42
47,39,599.91
47,40,950.84
47,41,3204.96
47,42,967.43
47,44,1447.69
47,45,526.5
47,46,1405.02
47,48,1158.3
47,49,2291.99
47,50,1472.56
47,51,795.64
47,53,3172.19
47,54,602.17
47,55,909.36
47,56,1931.08
47,72,2770.1
48,1,1025.41
48,2,5020.28
48,4,1397.68
48,5,642.84
48,6,2108.57
48,8,1195.7
48,9,2479.94
48,10,2186.09
48,11,2051.01
48,12,1558.73
48,13,1295.55
48,15,6046.34
48,16,2156.48
48,17,1408.74
48,18,1434.32
48,19,1285.83
48,20,847.02
48,21,1348.77
48,22,560.21
48,23,2829.39
48,24,2076.75
48,25,2628.95
48,26,1766.14
48,27,1623.17
48,28,757.68
48,29,958.16
48,30,2134.13
48,31,1141.99
48,32,1863.89
48,33,2656.26
48,34,2317.39
48,35,937.51
48,36,2346.34
48,37,1719.97
48,38,1837.9
48,39,1684.87
48,40,524.76
48,41,2685.0
48,42,2117.77
48,44,2601.65
48,45,1570.72
48,46,1462.43
48,47,1158.3
48,49,1687.7
48,50,2599.08
48,51,1951.34
48,53,2762.23
48,54,1753.96
48,55,1602.45
48,56,1566.62
48,72,3420.63
49,1,2383.6
49,2,3415.86
49,4,780.87
49,5,1783.47
49,6,847.36
49,8,584.6
49,9,3259.55
49,10,3090.55
49,11,2979.33
49,12,3102.07
49,13,2602.89
49,15,4789.12
49,16,504.86
49,17,1981.73
49,18,2175.19
49,19,1590.98
49,20,1350.91
49,21,2313.53
49,22,2137.63
49,23,3459.96
49,24,2990.9
49,25,3367.93
49,26,2313.71
49,27,1590.35
49,28,2175.93
49,29,1705.77
49,30,711.43
49,31,1242.92
49,32,524.75
49,33,3343.24
49,34,3156.02
49,35,811.83
49,36,3119.68
49,37,2866.87
49,38,1264.78
49,39,2459.46
49,40,1424.62
49,41,997.5
49,42,2945.25
49,44,3370.55
49,45,2818.48
49,46,1145.19
49,47,2291.99
49,48,1687.7
49,50,3219.88
49,51,2947.28
49,53,1094.67
49,54,2674.18
49,55,1923.77
49,56,486.79
49,72,4989.56
50,1,1725.37
50,2,5131.75
50,4,3556.98
50,5,1964.25
50,6,4036.47
50,8,2714.24
50,9,290.48
50,10,576.94
50,11,675.07
50,12,1973.88
50,13,1526.57
50,15,7988.22
50,16,3347.61
50,17,1307.09
50,18,1191.21
50,19,1658.36
50,20,2061.2
50,21,1254.41
50,22,2214.51
50,23,244.92
50,24,644.1
50,25,236.07
50,26,929.37
50,27,1642.09
50,28,1938.22
50,29,1737.21
50,30,2991.48
50,31,2016.95
50,32,3705.49
50,33,153.01
50,34,428.59
50,35,3046.53
50,36,326.41
50,37,1117.88
50,38,2089.46
50,39,916.29
50,40,2249.84
50,41,3893.65
50,42,531.08
50,44,284.16
50,45,1324.3
50,46,2079.51
50,47,1472.56
50,48,2599.08
50,49,3219.88
50,51,810.06
50,53,3748.19
50,54,878.93
50,55,1298.3
50,56,2747.61
50,72,2937.22
51,1,976.06
51,2,5416.37
51,4,3110.04
51,5,1367.71
51,6,3691.42
51,8,2380.55
51,9,582.7
51,10,253.97
51,11,135.0
51,12,1171.4
51,13,742.25
51,15,7721.25
51,16,3195.04
51,17,987.43
51,18,776.92
51,19,1379.06
51,20,1630.47
51,21,658.75
51,22,1489.0
51,23,979.54
51,24,165.99
51,25,735.27
51,26,781.02
51,27,1545.15
51,28,1222.01
51,29,1267.17
51,30,2908.73
51,31,1707.48
51,32,3372.16
51,33,795.29
51,34,407.62
51,35,2580.24
51,36,486.28
51,37,308.62
51,38,2056.52
51,39,521.11
51,40,1718.2
51,41,3776.86
51,42,296.83
51,44,692.98
51,45,516.02
51,46,1899.58
51,47,795.64
51,48,1951.34
51,49,2947.28
51,50,810.06
51,53,3693.05
51,54,275.86
51,55,1151.23
51,56,2526.21
51,72,2445.11
53,1,3328.89
53,2,2334.57
53,4,1757.01
53,5,2748.07
53,6,1331.42
53,8,1582.68
53,9,3866.13
53,10,3777.92
53,11,3690.45
53,12,4077.65
53,13,3511.12
53,15,4339.65
53,16,605.75
53,17,2709.81
53,18,2928.06
53,19,2328.92
53,20,2266.74
53,21,3129.33
53,22,3166.59
53,23,3965.03
53,24,3694.06
53,25,3941.41
53,26,2952.88
53,27,2161.94
53,28,3158.25
53,29,2575.03
53,30,784.36
53,31,2053.58
53,32,1232.48
53,33,3891.99
53,34,3803.98
53,35,1906.05
53,36,3739.31
53,37,3687.1
53,38,1668.22
53,39,3173.58
53,40,2428.07
53,41,296.11
53,42,3612.83
53,44,3959.41
53,45,3685.02
53,46,1798.91
53,47,3172.19
53,48,2762.23
53,49,1094.67
53,50,3748.19
53,51,3693.05
53,54,3419.3
53,55,2554.79
53,56,1260.36
53,72,5936.88
54,1,847.21
54,2,5176.08
54,4,2857.54
54,5,1142.79
54,6,3425.76
54,8,2110.31
54,9,726.17
54,10,446.33
54,11,317.12
54,12,1226.0
54,13,668.37
54,15,7452.35
54,16,2919.22
54,17,711.87
54,18,501.38
54,19,1103.21
54,20,1367.02
54,21,415.49
54,22,1337.77
54,23,1090.79
54,24,336.6
54,25,876.34
54,26,539.66
54,27,1277.71
54,28,1062.2
54,29,1005.89
54,30,2634.94
54,31,1433.1
54,32,3104.62
54,33,911.11
54,34,564.79
54,35,2329.3
54,36,595.29
54,37,376.15
54,38,1789.79
54,39,256.0
54,40,1476.44
54,41,3501.23
54,42,365.3
54,44,847.72
54,45,535.22
54,46,1624.41
54,47,602.17
54,48,1753.96
54,49,2674.18
54,50,878.93
54,51,275.86
54,53,3419.3
54,55,886.25
54,56,2250.64
54,72,2673.43
55,1,1208.28
55,2,4310.58
55,4,2287.82
55,5,1000.01
55,6,2738.55
55,8,1419.89
55,9,1344.24
55,10,1223.46
55,11,1137.14
55,12,1888.16
55,13,1231.47
55,15,6704.53
55,16,2090.26
55,17,273.84
55,18,460.12
55,19,382.71
55,20,850.0
55,21,727.96
55,22,1466.1
55,23,1540.58
55,24,1139.72
55,25,1445.75
55,26,401.87
55,27,394.95
55,28,1241.9
55,29,647.27
55,30,1773.01
55,31,730.08
55,32,2407.4
55,33,1419.49
55,34,1259.09
55,35,1799.59
55,36,1207.92
55,37,1212.32
55,38,905.33
55,39,631.43
55,40,1123.92
55,41,2659.71
55,42,1060.43
55,44,1451.16
55,45,1283.52
55,46,794.02
55,47,909.36
55,48,1602.45
55,49,1923.77
55,50,1298.3
55,51,1151.23
55,53,2554.79
55,54,886.25
55,56,1458.29
55,72,3539.19
56,1,2071.04
56,2,3454.41
56,4,1122.68
56,5,1487.72
56,6,1333.32
56,8,382.75
56,9,2801.31
56,10,2651.38
56,11,2546.62
56,12,2817.6
56,13,2262.58
56,15,5246.25
56,16,686.81
56,17,1544.12
56,18,1749.3
56,19,1149.87
56,20,1008.56
56,21,1916.66
56,22,1917.76
56,23,2985.66
56,24,2555.76
56,25,2903.81
56,26,1854.96
56,27,1109.96
56,28,1898.15
56,29,1332.31
56,30,567.53
56,31,825.67
56,32,1007.05
56,33,2874.74
56,34,2706.63
56,35,902.02
56,36,2663.37
56,37,2476.71
56,38,786.35
56,39,2023.11
56,40,1176.3
56,41,1273.94
56,42,2499.44
56,44,2909.36
56,45,2452.66
56,46,668.1
56,47,1931.08
56,48,1566.62
56,49,486.79
56,50,2747.61
56,51,2526.21
56,53,1260.36
56,54,2250.64
56,55,1458.29
56,72,4683.32
72,1,2614.35
72,2,7847.53
72,4,4817.78
72,5,3209.69
72,6,5527.39
72,8,4412.26
72,9,2657.4
72,10,2505.71
72,11,2517.17
72,12,1890.04
72,13,2426.77
72,15,9409.16
72,16,5367.26
72,17,3310.96
72,18,3092.56
72,19,3649.28
72,20,3675.19
72,21,2849.72
72,22,2885.94
72,23,2910.11
72,24,2531.4
72,25,2712.3
72,26,3212.52
72,27,3912.42
72,28,2813.89
72,29,3363.24
72,30,5173.06
72,31,3886.67
72,32,5267.02
72,33,2809.51
72,34,2584.83
72,35,4343.03
72,36,2697.92
72,37,2326.91
72,38,4415.93
72,39,2926.23
72,40,3565.45
72,41,5949.49
72,42,2668.28
72,44,2657.55
72,45,2277.39
72,46,4172.03
72,47,2770.1
72,48,3420.63
72,49,4989.56
72,50,2937.22
72,51,2445.11
72,53,5936.88
72,54,2673.43
72,55,3539.19
72,56,4683.32
